image,query
5cb4b058-9447-11e5-9ae8-40f2e96c8ad8.JPG,buildings
adde4386-9447-11e5-9ae8-40f2e96c8ad8.jpg,buildings
38b3f02e-9447-11e5-9ae8-40f2e96c8ad8.jpg,buildings
85b29db2-9447-11e5-9ae8-40f2e96c8ad8.jpg,buildings
72667936-9447-11e5-9ae8-40f2e96c8ad8.jpg,buildings
52410568-9447-11e5-9ae8-40f2e96c8ad8.jpg,buildings
4a2ee480-9447-11e5-9ae8-40f2e96c8ad8.jpg,buildings
3fc1c6f2-9447-11e5-9ae8-40f2e96c8ad8.jpg,buildings
8ca35e4a-9447-11e5-9ae8-40f2e96c8ad8.gif,buildings
9e294bac-9447-11e5-9ae8-40f2e96c8ad8.jpg,buildings
9f80cfe8-9447-11e5-9ae8-40f2e96c8ad8.jpg,buildings
5bf49480-9447-11e5-9ae8-40f2e96c8ad8.jpg,buildings
a4f4f7ce-9447-11e5-9ae8-40f2e96c8ad8.jpg,buildings
4cd7396c-9447-11e5-9ae8-40f2e96c8ad8.jpg,buildings
93d32ea2-9447-11e5-9ae8-40f2e96c8ad8.jpg,buildings
5eb8904a-9447-11e5-9ae8-40f2e96c8ad8.jpg,buildings
5a931422-9447-11e5-9ae8-40f2e96c8ad8.jpg,buildings
14c59dde-9447-11e5-9ae8-40f2e96c8ad8.jpg,buildings
6b2a5106-9447-11e5-9ae8-40f2e96c8ad8.jpg,buildings
b09d8168-9447-11e5-9ae8-40f2e96c8ad8.jpg,buildings
553836ec-9447-11e5-9ae8-40f2e96c8ad8.jpg,buildings
7d9f4a8a-9447-11e5-9ae8-40f2e96c8ad8.JPG,buildings
5c6ae7e8-9447-11e5-9ae8-40f2e96c8ad8.jpg,buildings
17fefb26-9447-11e5-9ae8-40f2e96c8ad8.jpg,buildings
56dbd896-9447-11e5-9ae8-40f2e96c8ad8.jpg,buildings
1cd0e2ae-9447-11e5-9ae8-40f2e96c8ad8.jpg,buildings
8b220864-9447-11e5-9ae8-40f2e96c8ad8.jpg,buildings
89110c0a-9447-11e5-9ae8-40f2e96c8ad8.jpg,buildings
b2db096e-9447-11e5-9ae8-40f2e96c8ad8.jpg,buildings
6281d9c0-9447-11e5-9ae8-40f2e96c8ad8.jpg,buildings
18404e78-9447-11e5-9ae8-40f2e96c8ad8.jpg,buildings
6067a5de-9447-11e5-9ae8-40f2e96c8ad8.jpg,buildings
88bd04d4-9447-11e5-9ae8-40f2e96c8ad8.jpg,buildings
5c2b4a2a-9447-11e5-9ae8-40f2e96c8ad8.jpg,buildings
1eb6a676-9447-11e5-9ae8-40f2e96c8ad8.jpg,buildings
527cc602-9447-11e5-9ae8-40f2e96c8ad8.JPG,buildings
68baab0a-9447-11e5-9ae8-40f2e96c8ad8.JPG,buildings
9896c598-9447-11e5-9ae8-40f2e96c8ad8.jpg,buildings
4b7c1434-9447-11e5-9ae8-40f2e96c8ad8.jpg,buildings
54efba16-9447-11e5-9ae8-40f2e96c8ad8.jpg,buildings
9bed5414-9447-11e5-9ae8-40f2e96c8ad8.jpg,buildings
674ad088-9447-11e5-9ae8-40f2e96c8ad8.jpg,buildings
3b5388c6-9447-11e5-9ae8-40f2e96c8ad8.jpg,buildings
8f8b4974-9447-11e5-9ae8-40f2e96c8ad8.jpg,buildings
3badde48-9447-11e5-9ae8-40f2e96c8ad8.jpg,buildings
9937d5e6-9447-11e5-9ae8-40f2e96c8ad8.jpg,buildings
aad91c60-9447-11e5-9ae8-40f2e96c8ad8.jpg,buildings
8fbe0bf2-9447-11e5-9ae8-40f2e96c8ad8.jpg,buildings
480ada60-9447-11e5-9ae8-40f2e96c8ad8.jpg,buildings
45758ec6-9447-11e5-9ae8-40f2e96c8ad8.jpg,buildings
83067fa2-9447-11e5-9ae8-40f2e96c8ad8.jpg,buildings
791092fe-9437-11e5-8377-40f2e96c8ad8.jpg,Nature+Texture
4d744f50-9437-11e5-8377-40f2e96c8ad8.jpg,Nature+Texture
eeeddb94-9437-11e5-8377-40f2e96c8ad8.jpg,Nature+Texture
a63c38c8-9437-11e5-8377-40f2e96c8ad8.jpg,Nature+Texture
eb6a9944-9437-11e5-8377-40f2e96c8ad8.jpg,Nature+Texture
59ab23b6-9437-11e5-8377-40f2e96c8ad8.jpg,Nature+Texture
45d59150-9437-11e5-8377-40f2e96c8ad8.jpg,Nature+Texture
32c82b72-9437-11e5-8377-40f2e96c8ad8.jpg,Nature+Texture
94f90bf4-9437-11e5-8377-40f2e96c8ad8.jpg,Nature+Texture
53bbb3bc-9437-11e5-8377-40f2e96c8ad8.jpg,Nature+Texture
41943150-9437-11e5-8377-40f2e96c8ad8.jpg,Nature+Texture
7b791d22-9437-11e5-8377-40f2e96c8ad8.png,Nature+Texture
812d7132-9437-11e5-8377-40f2e96c8ad8.jpg,Nature+Texture
a2447960-9437-11e5-8377-40f2e96c8ad8.jpg,Nature+Texture
d463ca9a-9437-11e5-8377-40f2e96c8ad8.jpg,Nature+Texture
c17a3ea0-9437-11e5-8377-40f2e96c8ad8.jpg,Nature+Texture
4488dd98-9437-11e5-8377-40f2e96c8ad8.jpg,Nature+Texture
91df09c8-9437-11e5-8377-40f2e96c8ad8.jpg,Nature+Texture
c53d9712-9437-11e5-8377-40f2e96c8ad8.jpg,Nature+Texture
52c4f81a-9437-11e5-8377-40f2e96c8ad8.jpg,Nature+Texture
ecde1bde-9437-11e5-8377-40f2e96c8ad8.jpg,Nature+Texture
c48e13f0-9437-11e5-8377-40f2e96c8ad8.jpg,Nature+Texture
e1051664-9437-11e5-8377-40f2e96c8ad8.jpg,Nature+Texture
50aeda1e-9437-11e5-8377-40f2e96c8ad8.jpg,Nature+Texture
3e9afa88-9437-11e5-8377-40f2e96c8ad8.jpg,Nature+Texture
f16498b8-9437-11e5-8377-40f2e96c8ad8.jpg,Nature+Texture
becd5994-9437-11e5-8377-40f2e96c8ad8.jpg,Nature+Texture
e8d552fa-9437-11e5-8377-40f2e96c8ad8.jpg,Nature+Texture
e16ea778-9437-11e5-8377-40f2e96c8ad8.jpg,Nature+Texture
433e3bf4-9437-11e5-8377-40f2e96c8ad8.jpg,Nature+Texture
7aee7f3c-9437-11e5-8377-40f2e96c8ad8.jpg,Nature+Texture
eb21086a-9437-11e5-8377-40f2e96c8ad8.jpg,Nature+Texture
77c5efde-9437-11e5-8377-40f2e96c8ad8.jpg,Nature+Texture
d260c824-9437-11e5-8377-40f2e96c8ad8.jpg,Nature+Texture
4016a448-9437-11e5-8377-40f2e96c8ad8.jpg,Nature+Texture
c2cac626-9437-11e5-8377-40f2e96c8ad8.jpg,Nature+Texture
bcdff52e-9437-11e5-8377-40f2e96c8ad8.jpg,Nature+Texture
4295102e-9437-11e5-8377-40f2e96c8ad8.jpg,Nature+Texture
bf1350ca-9437-11e5-8377-40f2e96c8ad8.jpg,Nature+Texture
df7c4b82-9437-11e5-8377-40f2e96c8ad8.jpg,Nature+Texture
a6d0021a-9437-11e5-8377-40f2e96c8ad8.png,Nature+Texture
ec59af48-9437-11e5-8377-40f2e96c8ad8.jpg,Nature+Texture
cf214d0a-9437-11e5-8377-40f2e96c8ad8.jpg,Nature+Texture
399cde66-9437-11e5-8377-40f2e96c8ad8.jpg,Nature+Texture
553b914e-9437-11e5-8377-40f2e96c8ad8.jpg,Nature+Texture
353de680-9437-11e5-8377-40f2e96c8ad8.jpg,Nature+Texture
4c83f0f0-9437-11e5-8377-40f2e96c8ad8.jpg,Nature+Texture
b07f3948-9437-11e5-8377-40f2e96c8ad8.jpg,Nature+Texture
abd3ede4-9437-11e5-8377-40f2e96c8ad8.jpg,Nature+Texture
d6dd2082-9437-11e5-8377-40f2e96c8ad8.jpg,Nature+Texture
90498f48-9437-11e5-8377-40f2e96c8ad8.jpg,Nature+Texture
29053f30-943c-11e5-af65-40f2e96c8ad8.JPG,environment
58e54a06-943c-11e5-af65-40f2e96c8ad8.jpg,environment
2ca092e8-943c-11e5-af65-40f2e96c8ad8.jpg,environment
5d32befe-943c-11e5-af65-40f2e96c8ad8.bmp,environment
6d72177e-943c-11e5-af65-40f2e96c8ad8.jpg,environment
4aa5a9a4-943c-11e5-af65-40f2e96c8ad8.jpg,environment
bb433a0a-943c-11e5-af65-40f2e96c8ad8.jpg,environment
74dba93a-943c-11e5-af65-40f2e96c8ad8.jpg,environment
932400b8-943c-11e5-af65-40f2e96c8ad8.JPG,environment
75173c3e-943c-11e5-af65-40f2e96c8ad8.jpg,environment
6a7e729c-943c-11e5-af65-40f2e96c8ad8.jpg,environment
724dd44a-943c-11e5-af65-40f2e96c8ad8.jpg,environment
46e8cce2-943c-11e5-af65-40f2e96c8ad8.jpg,environment
5742d47a-943c-11e5-af65-40f2e96c8ad8.jpg,environment
c4582e0c-943c-11e5-af65-40f2e96c8ad8.jpg,environment
4812f0d4-943c-11e5-af65-40f2e96c8ad8.jpeg,environment
a271fa66-943c-11e5-af65-40f2e96c8ad8.jpg,environment
ba46291e-943c-11e5-af65-40f2e96c8ad8.jpg,environment
227b0ec4-943c-11e5-af65-40f2e96c8ad8.jpg,environment
d5653f8c-943c-11e5-af65-40f2e96c8ad8.jpg,environment
66458efe-943c-11e5-af65-40f2e96c8ad8.jpg,environment
b5cace08-943c-11e5-af65-40f2e96c8ad8.jpg,environment
303e5e44-943c-11e5-af65-40f2e96c8ad8.jpg,environment
4b124370-943c-11e5-af65-40f2e96c8ad8.jpg,environment
5b4f4832-943c-11e5-af65-40f2e96c8ad8.jpg,environment
75948018-943c-11e5-af65-40f2e96c8ad8.jpg,environment
be1a1050-943c-11e5-af65-40f2e96c8ad8.jpg,environment
d7f7122a-943c-11e5-af65-40f2e96c8ad8.jpg,environment
cdb20c0c-943c-11e5-af65-40f2e96c8ad8.jpg,environment
983a4616-943c-11e5-af65-40f2e96c8ad8.jpg,environment
b2bcbb36-943c-11e5-af65-40f2e96c8ad8.jpg,environment
8269b574-943c-11e5-af65-40f2e96c8ad8.jpg,environment
6fe3c9f8-943c-11e5-af65-40f2e96c8ad8.gif,environment
3835860e-943c-11e5-af65-40f2e96c8ad8.jpg,environment
dee022e8-943c-11e5-af65-40f2e96c8ad8.jpg,environment
26ab8c76-943c-11e5-af65-40f2e96c8ad8.jpg,environment
88a44b52-943c-11e5-af65-40f2e96c8ad8.jpg,environment
d1bfacd2-943c-11e5-af65-40f2e96c8ad8.jpeg,environment
af7579c2-943c-11e5-af65-40f2e96c8ad8.png,environment
6d9e9ab0-943c-11e5-af65-40f2e96c8ad8.jpg,environment
dbd6fab8-943c-11e5-af65-40f2e96c8ad8.ashx,environment
632b38a4-943c-11e5-af65-40f2e96c8ad8.jpg,environment
4aeacde0-943c-11e5-af65-40f2e96c8ad8.jpg,environment
87d1fada-943c-11e5-af65-40f2e96c8ad8.jpg,environment
c63cf78e-943c-11e5-af65-40f2e96c8ad8.jpg,environment
dd67b1e2-943c-11e5-af65-40f2e96c8ad8.jpg,environment
4d834fdc-943c-11e5-af65-40f2e96c8ad8.jpg,environment
47ccf728-943c-11e5-af65-40f2e96c8ad8.jpg,environment
9c9d2c14-943c-11e5-af65-40f2e96c8ad8.jpg,environment
97832404-943c-11e5-af65-40f2e96c8ad8.jpg,environment
9e3a7574-943a-11e5-ba6d-40f2e96c8ad8.jpg,city+street
4fea3f94-943a-11e5-ba6d-40f2e96c8ad8.jpg,city+street
98d30a06-943a-11e5-ba6d-40f2e96c8ad8.jpg,city+street
bad33a72-943a-11e5-ba6d-40f2e96c8ad8.jpg,city+street
1b7ab13a-943a-11e5-ba6d-40f2e96c8ad8.jpg,city+street
3db1daf8-943a-11e5-ba6d-40f2e96c8ad8.JPG,city+street
b13fab12-943a-11e5-ba6d-40f2e96c8ad8.JPG,city+street
433fa0cc-943a-11e5-ba6d-40f2e96c8ad8.jpg,city+street
8a0a5f60-943a-11e5-ba6d-40f2e96c8ad8.jpg,city+street
631047da-943a-11e5-ba6d-40f2e96c8ad8.jpg,city+street
7601d3b8-943a-11e5-ba6d-40f2e96c8ad8.jpg,city+street
4b8767ba-943a-11e5-ba6d-40f2e96c8ad8.jpg,city+street
aa3dde9c-943a-11e5-ba6d-40f2e96c8ad8.jpg,city+street
85c7d32e-943a-11e5-ba6d-40f2e96c8ad8.jpg,city+street
333003e8-943a-11e5-ba6d-40f2e96c8ad8.jpg,city+street
a1d98422-943a-11e5-ba6d-40f2e96c8ad8.jpg,city+street
7b695948-943a-11e5-ba6d-40f2e96c8ad8.jpg,city+street
979bfc4c-943a-11e5-ba6d-40f2e96c8ad8.jpg,city+street
6bdfc44e-943a-11e5-ba6d-40f2e96c8ad8.jpg,city+street
a0218440-943a-11e5-ba6d-40f2e96c8ad8.jpg,city+street
ad1864fc-943a-11e5-ba6d-40f2e96c8ad8.jpg,city+street
67a30e40-943a-11e5-ba6d-40f2e96c8ad8.jpg,city+street
ad873b20-943a-11e5-ba6d-40f2e96c8ad8.jpg,city+street
744c67f4-943a-11e5-ba6d-40f2e96c8ad8.jpg,city+street
81063e70-943a-11e5-ba6d-40f2e96c8ad8.jpg,city+street
41f3a844-943a-11e5-ba6d-40f2e96c8ad8.jpg,city+street
0dd843c6-943a-11e5-ba6d-40f2e96c8ad8.jpg,city+street
faacdc3a-9439-11e5-ba6d-40f2e96c8ad8.jpg,city+street
262dd0a8-943a-11e5-ba6d-40f2e96c8ad8.jpg,city+street
29d6fd7e-943a-11e5-ba6d-40f2e96c8ad8.jpg,city+street
9a17df54-943a-11e5-ba6d-40f2e96c8ad8.jpg,city+street
8baa706c-943a-11e5-ba6d-40f2e96c8ad8.JPG,city+street
a6cddf00-943a-11e5-ba6d-40f2e96c8ad8.jpg,city+street
ff4fb91a-9439-11e5-ba6d-40f2e96c8ad8.JPG,city+street
2e930678-943a-11e5-ba6d-40f2e96c8ad8.jpg,city+street
2343d112-943a-11e5-ba6d-40f2e96c8ad8.jpg,city+street
1c15c44a-943a-11e5-ba6d-40f2e96c8ad8.jpg,city+street
5c5a34d2-943a-11e5-ba6d-40f2e96c8ad8.JPG,city+street
48f0afb6-943a-11e5-ba6d-40f2e96c8ad8.jpg,city+street
bde4460c-943a-11e5-ba6d-40f2e96c8ad8.jpg,city+street
661899be-943a-11e5-ba6d-40f2e96c8ad8.jpg,city+street
52594eb4-943a-11e5-ba6d-40f2e96c8ad8.jpg,city+street
9caef676-943a-11e5-ba6d-40f2e96c8ad8.jpg,city+street
853506f2-943a-11e5-ba6d-40f2e96c8ad8.jpg,city+street
98551e0c-943a-11e5-ba6d-40f2e96c8ad8.JPG,city+street
79125c08-943a-11e5-ba6d-40f2e96c8ad8.jpg,city+street
a9beaec4-943a-11e5-ba6d-40f2e96c8ad8.JPG,city+street
897a970e-943a-11e5-ba6d-40f2e96c8ad8.jpg,city+street
2fe04bda-943a-11e5-ba6d-40f2e96c8ad8.jpg,city+street
58c56134-943a-11e5-ba6d-40f2e96c8ad8.jpg,city+street
bf8c639a-943a-11e5-ba6d-40f2e96c8ad8.jpg,city+street
3b4e39c8-943a-11e5-ba6d-40f2e96c8ad8.jpg,city+street
1b5d61dc-9441-11e5-8d88-40f2e96c8ad8.jpg,objects
14c46474-9441-11e5-8d88-40f2e96c8ad8.jpg,objects
8d115a32-9440-11e5-8d88-40f2e96c8ad8.jpg,objects
cfe9927a-9440-11e5-8d88-40f2e96c8ad8.jpg,objects
a4dcef78-9440-11e5-8d88-40f2e96c8ad8.jpg,objects
d3fc8d18-9440-11e5-8d88-40f2e96c8ad8.jpg,objects
a19e9262-9440-11e5-8d88-40f2e96c8ad8.jpg,objects
c996bf60-9440-11e5-8d88-40f2e96c8ad8.jpg,objects
c6ebdef8-9440-11e5-8d88-40f2e96c8ad8.jpg,objects
edcb5c1a-9440-11e5-8d88-40f2e96c8ad8.jpg,objects
9fa32dd8-9440-11e5-8d88-40f2e96c8ad8.png,objects
f63f72e6-9440-11e5-8d88-40f2e96c8ad8.jpg,objects
9e9959f8-9440-11e5-8d88-40f2e96c8ad8.jpg,objects
cedfc606-9440-11e5-8d88-40f2e96c8ad8.jpg,objects
d852107c-9440-11e5-8d88-40f2e96c8ad8.jpg,objects
ae0a2fd4-9440-11e5-8d88-40f2e96c8ad8.jpg,objects
c4b88f0a-9440-11e5-8d88-40f2e96c8ad8.jpg,objects
fa38cd02-9440-11e5-8d88-40f2e96c8ad8.jpg,objects
d7e91b12-9440-11e5-8d88-40f2e96c8ad8.jpg,objects
a8bbba70-9440-11e5-8d88-40f2e96c8ad8.jpg,objects
eed5a41c-9440-11e5-8d88-40f2e96c8ad8.jpg,objects
90790ed6-9440-11e5-8d88-40f2e96c8ad8.gif,objects
e457bf52-9440-11e5-8d88-40f2e96c8ad8.jpg,objects
f876a3d6-9440-11e5-8d88-40f2e96c8ad8.jpg,objects
ef64a306-9440-11e5-8d88-40f2e96c8ad8.jpg,objects
04891802-9441-11e5-8d88-40f2e96c8ad8.jpg,objects
e7d52f2a-9440-11e5-8d88-40f2e96c8ad8.jpg,objects
fda284b0-9440-11e5-8d88-40f2e96c8ad8.jpg,objects
18bc3552-9441-11e5-8d88-40f2e96c8ad8.jpg,objects
aab48f96-9440-11e5-8d88-40f2e96c8ad8.png,objects
ffa440be-9440-11e5-8d88-40f2e96c8ad8.jpg,objects
fff2ecf0-9440-11e5-8d88-40f2e96c8ad8.jpg,objects
1876ba9a-9441-11e5-8d88-40f2e96c8ad8.JPG,objects
0f625748-9441-11e5-8d88-40f2e96c8ad8.jpg,objects
09b83970-9441-11e5-8d88-40f2e96c8ad8.jpg,objects
9e24d650-9440-11e5-8d88-40f2e96c8ad8.jpg,objects
99f20c42-9440-11e5-8d88-40f2e96c8ad8.jpg,objects
b5d872d4-9440-11e5-8d88-40f2e96c8ad8.jpg,objects
d388c158-9440-11e5-8d88-40f2e96c8ad8.jpg,objects
cdc849fa-9440-11e5-8d88-40f2e96c8ad8.jpg,objects
05401b38-9441-11e5-8d88-40f2e96c8ad8.gif,objects
0a52442a-9441-11e5-8d88-40f2e96c8ad8.jpg,objects
c176c64a-9440-11e5-8d88-40f2e96c8ad8.jpg,objects
9bd74e5a-9440-11e5-8d88-40f2e96c8ad8.jpg,objects
f85587be-9440-11e5-8d88-40f2e96c8ad8.jpg,objects
ae5768f8-9440-11e5-8d88-40f2e96c8ad8.jpg,objects
d88aa86a-9440-11e5-8d88-40f2e96c8ad8.jpg,objects
01fb10f4-9441-11e5-8d88-40f2e96c8ad8.jpg,objects
95505202-9440-11e5-8d88-40f2e96c8ad8.jpg,objects
11f6a054-9441-11e5-8d88-40f2e96c8ad8.jpg,objects
11946632-9441-11e5-8d88-40f2e96c8ad8.JPG,objects
01100082-9441-11e5-8d88-40f2e96c8ad8.jpg,objects
778dfbb6-9436-11e5-b500-40f2e96c8ad8.jpg,pattern+background
2fe15ae6-9437-11e5-b500-40f2e96c8ad8.jpg,pattern+background
8027bd02-9436-11e5-b500-40f2e96c8ad8.jpg,pattern+background
94931c5a-9436-11e5-b500-40f2e96c8ad8.jpg,pattern+background
b7aed206-9436-11e5-b500-40f2e96c8ad8.jpg,pattern+background
67abf4a0-9436-11e5-b500-40f2e96c8ad8.jpg,pattern+background
9153e39e-9436-11e5-b500-40f2e96c8ad8.jpg,pattern+background
81109824-9436-11e5-b500-40f2e96c8ad8.gif,pattern+background
9808a666-9436-11e5-b500-40f2e96c8ad8.jpg,pattern+background
bdc48078-9436-11e5-b500-40f2e96c8ad8.jpg,pattern+background
594b6a12-9436-11e5-b500-40f2e96c8ad8.jpg,pattern+background
550ce110-9436-11e5-b500-40f2e96c8ad8.jpg,pattern+background
de725282-9436-11e5-b500-40f2e96c8ad8.jpg,pattern+background
f91158c2-9436-11e5-b500-40f2e96c8ad8.jpg,pattern+background
eaceae5e-9436-11e5-b500-40f2e96c8ad8.jpg,pattern+background
d366d732-9436-11e5-b500-40f2e96c8ad8.png,pattern+background
11a1b8f0-9437-11e5-b500-40f2e96c8ad8.jpg,pattern+background
f1ef7a56-9436-11e5-b500-40f2e96c8ad8.jpg,pattern+background
e587e924-9436-11e5-b500-40f2e96c8ad8.gif,pattern+background
8bcb397c-9436-11e5-b500-40f2e96c8ad8.jpg,pattern+background
165da3d6-9437-11e5-b500-40f2e96c8ad8.jpg,pattern+background
07c95504-9437-11e5-b500-40f2e96c8ad8.jpg,pattern+background
5f398030-9436-11e5-b500-40f2e96c8ad8.jpg,pattern+background
794970ca-9436-11e5-b500-40f2e96c8ad8.jpg,pattern+background
aa1996f8-9436-11e5-b500-40f2e96c8ad8.jpg,pattern+background
74aeaea4-9436-11e5-b500-40f2e96c8ad8.jpg,pattern+background
56a46a8e-9436-11e5-b500-40f2e96c8ad8.jpg,pattern+background
f0b03d7e-9436-11e5-b500-40f2e96c8ad8.jpg,pattern+background
b5042f88-9436-11e5-b500-40f2e96c8ad8.jpg,pattern+background
ac3aa260-9436-11e5-b500-40f2e96c8ad8.jpg,pattern+background
0357417a-9437-11e5-b500-40f2e96c8ad8.jpg,pattern+background
65ae1b10-9436-11e5-b500-40f2e96c8ad8.jpg,pattern+background
d5782b20-9436-11e5-b500-40f2e96c8ad8.jpg,pattern+background
f649c840-9436-11e5-b500-40f2e96c8ad8.jpg,pattern+background
0c66bf66-9437-11e5-b500-40f2e96c8ad8.jpg,pattern+background
144aa436-9437-11e5-b500-40f2e96c8ad8.jpg,pattern+background
dad46eb2-9436-11e5-b500-40f2e96c8ad8.jpg,pattern+background
ca89320e-9436-11e5-b500-40f2e96c8ad8.jpg,pattern+background
9d82d544-9436-11e5-b500-40f2e96c8ad8.jpg,pattern+background
9ab75312-9436-11e5-b500-40f2e96c8ad8.jpg,pattern+background
05854f6e-9437-11e5-b500-40f2e96c8ad8.jpg,pattern+background
2504920a-9437-11e5-b500-40f2e96c8ad8.jpg,pattern+background
6981b2e2-9436-11e5-b500-40f2e96c8ad8.jpg,pattern+background
a8e18ed0-9436-11e5-b500-40f2e96c8ad8.jpg,pattern+background
6c79a9d2-9436-11e5-b500-40f2e96c8ad8.png,pattern+background
89a5caf4-9436-11e5-b500-40f2e96c8ad8.jpg,pattern+background
a01fc1c2-9436-11e5-b500-40f2e96c8ad8.jpg,pattern+background
26ee27ca-9437-11e5-b500-40f2e96c8ad8.gif,pattern+background
967a91ba-9436-11e5-b500-40f2e96c8ad8.jpg,pattern+background
9f2b4980-9436-11e5-b500-40f2e96c8ad8.jpg,pattern+background
f9ed5afc-9436-11e5-b500-40f2e96c8ad8.jpg,pattern+background
fee34986-9436-11e5-b500-40f2e96c8ad8.jpg,pattern+background
c93deec6-9436-11e5-b500-40f2e96c8ad8.jpg,pattern+background
130490fa-9437-11e5-b500-40f2e96c8ad8.jpg,pattern+background
e0cd57a2-9436-11e5-b500-40f2e96c8ad8.jpg,pattern+background
e8b84f30-9436-11e5-b500-40f2e96c8ad8.jpg,pattern+background
2c89ceaa-9437-11e5-b500-40f2e96c8ad8.gif,pattern+background
5af0a6a2-9436-11e5-b500-40f2e96c8ad8.jpg,pattern+background
d4a829ac-943b-11e5-b41b-40f2e96c8ad8.jpg,rural+area
e4e50538-943b-11e5-b41b-40f2e96c8ad8.jpg,rural+area
90966e2c-943b-11e5-b41b-40f2e96c8ad8.jpg,rural+area
09976ed4-943c-11e5-b41b-40f2e96c8ad8.jpg,rural+area
0a35009a-943c-11e5-b41b-40f2e96c8ad8.jpg,rural+area
dc53783c-943b-11e5-b41b-40f2e96c8ad8.jpg,rural+area
a70143b2-943b-11e5-b41b-40f2e96c8ad8.jpg,rural+area
9758f66c-943b-11e5-b41b-40f2e96c8ad8.jpg,rural+area
16364606-943c-11e5-b41b-40f2e96c8ad8.jpg,rural+area
0079f22c-943c-11e5-b41b-40f2e96c8ad8.jpg,rural+area
0bfec33e-943c-11e5-b41b-40f2e96c8ad8.jpg,rural+area
adddca3e-943b-11e5-b41b-40f2e96c8ad8.jpg,rural+area
9c942958-943b-11e5-b41b-40f2e96c8ad8.jpg,rural+area
9b46fc2e-943b-11e5-b41b-40f2e96c8ad8.jpg,rural+area
8b512556-943b-11e5-b41b-40f2e96c8ad8.jpg,rural+area
9fd0f3e4-943b-11e5-b41b-40f2e96c8ad8.jpg,rural+area
febe183c-943b-11e5-b41b-40f2e96c8ad8.jpg,rural+area
e353fa9e-943b-11e5-b41b-40f2e96c8ad8.jpg,rural+area
f78692ce-943b-11e5-b41b-40f2e96c8ad8.jpg,rural+area
d4dedf92-943b-11e5-b41b-40f2e96c8ad8.jpg,rural+area
ff928086-943b-11e5-b41b-40f2e96c8ad8.jpg,rural+area
a9214bec-943b-11e5-b41b-40f2e96c8ad8.jpg,rural+area
900d9200-943b-11e5-b41b-40f2e96c8ad8.jpg,rural+area
0cea993a-943c-11e5-b41b-40f2e96c8ad8.jpg,rural+area
e14757fa-943b-11e5-b41b-40f2e96c8ad8.jpg,rural+area
e1d0b43c-943b-11e5-b41b-40f2e96c8ad8.jpg,rural+area
df7721f8-943b-11e5-b41b-40f2e96c8ad8.jpg,rural+area
8246b34a-943b-11e5-b41b-40f2e96c8ad8.jpg,rural+area
98b9363e-943b-11e5-b41b-40f2e96c8ad8.jpg,rural+area
8af3a1ce-943b-11e5-b41b-40f2e96c8ad8.png,rural+area
0fbb8f34-943c-11e5-b41b-40f2e96c8ad8.jpg,rural+area
d9d6651a-943b-11e5-b41b-40f2e96c8ad8.jpg,rural+area
036fd5a0-943c-11e5-b41b-40f2e96c8ad8.jpg,rural+area
a3b4e920-943b-11e5-b41b-40f2e96c8ad8.jpg,rural+area
d3e6df54-943b-11e5-b41b-40f2e96c8ad8.jpg,rural+area
aa9ad2fe-943b-11e5-b41b-40f2e96c8ad8.jpg,rural+area
145877f0-943c-11e5-b41b-40f2e96c8ad8.jpg,rural+area
178193a8-943c-11e5-b41b-40f2e96c8ad8.jpg,rural+area
e437c558-943b-11e5-b41b-40f2e96c8ad8.jpg,rural+area
1cc43456-943c-11e5-b41b-40f2e96c8ad8.jpg,rural+area
b22a2e3e-943b-11e5-b41b-40f2e96c8ad8.jpg,rural+area
15b70e5e-943c-11e5-b41b-40f2e96c8ad8.jpg,rural+area
a389a238-943b-11e5-b41b-40f2e96c8ad8.jpg,rural+area
d276131a-943b-11e5-b41b-40f2e96c8ad8.jpg,rural+area
93ad3d66-943b-11e5-b41b-40f2e96c8ad8.jpg,rural+area
d8065b64-943b-11e5-b41b-40f2e96c8ad8.jpeg,rural+area
9e34ef04-943b-11e5-b41b-40f2e96c8ad8.jpg,rural+area
a2f2cea8-943b-11e5-b41b-40f2e96c8ad8.gif,rural+area
8d879652-943b-11e5-b41b-40f2e96c8ad8.JPG,rural+area
e5f11f3e-943b-11e5-b41b-40f2e96c8ad8.jpg,rural+area
9985fa70-943b-11e5-b41b-40f2e96c8ad8.jpg,rural+area
067deff2-943c-11e5-b41b-40f2e96c8ad8.jpg,rural+area
0649c272-943c-11e5-b41b-40f2e96c8ad8.jpg,rural+area
69dc51d6-9448-11e5-88e1-40f2e96c8ad8.jpg,Night+Sky
16db0bd0-9448-11e5-88e1-40f2e96c8ad8.jpg,Night+Sky
274aa66a-9448-11e5-88e1-40f2e96c8ad8.jpg,Night+Sky
1a590870-9448-11e5-88e1-40f2e96c8ad8.jpg,Night+Sky
2c29e0c4-9448-11e5-88e1-40f2e96c8ad8.jpg,Night+Sky
7fd7998c-9448-11e5-88e1-40f2e96c8ad8.jpg,Night+Sky
4659d7ba-9448-11e5-88e1-40f2e96c8ad8.jpg,Night+Sky
70c82a56-9448-11e5-88e1-40f2e96c8ad8.jpg,Night+Sky
742c3656-9448-11e5-88e1-40f2e96c8ad8.jpg,Night+Sky
243a0b46-9448-11e5-88e1-40f2e96c8ad8.jpg,Night+Sky
4b8aac6e-9448-11e5-88e1-40f2e96c8ad8.png,Night+Sky
6495fc40-9448-11e5-88e1-40f2e96c8ad8.jpg,Night+Sky
5e0b2882-9448-11e5-88e1-40f2e96c8ad8.jpg,Night+Sky
65aa4b0e-9448-11e5-88e1-40f2e96c8ad8.jpg,Night+Sky
37f0f3d4-9448-11e5-88e1-40f2e96c8ad8.jpg,Night+Sky
4e1ad6f2-9448-11e5-88e1-40f2e96c8ad8.jpg,Night+Sky
6ac8d66e-9448-11e5-88e1-40f2e96c8ad8.jpg,Night+Sky
4e52b00e-9448-11e5-88e1-40f2e96c8ad8.jpg,Night+Sky
54e3cf02-9448-11e5-88e1-40f2e96c8ad8.jpg,Night+Sky
3a6cced0-9448-11e5-88e1-40f2e96c8ad8.jpg,Night+Sky
4a01c7ec-9448-11e5-88e1-40f2e96c8ad8.jpg,Night+Sky
30b31188-9448-11e5-88e1-40f2e96c8ad8.jpg,Night+Sky
169dfe8e-9448-11e5-88e1-40f2e96c8ad8.jpg,Night+Sky
76b29424-9448-11e5-88e1-40f2e96c8ad8.jpg,Night+Sky
8987fecc-9448-11e5-88e1-40f2e96c8ad8.png,Night+Sky
421463f0-9448-11e5-88e1-40f2e96c8ad8.jpg,Night+Sky
0437bbe0-9448-11e5-88e1-40f2e96c8ad8.jpg,Night+Sky
6bb09026-9448-11e5-88e1-40f2e96c8ad8.jpg,Night+Sky
3823d164-9448-11e5-88e1-40f2e96c8ad8.jpg,Night+Sky
13458e32-9448-11e5-88e1-40f2e96c8ad8.jpeg,Night+Sky
2dfb8100-9448-11e5-88e1-40f2e96c8ad8.jpg,Night+Sky
6b41df14-9448-11e5-88e1-40f2e96c8ad8.jpg,Night+Sky
7b1a3a26-9448-11e5-88e1-40f2e96c8ad8.jpg,Night+Sky
428d0634-9448-11e5-88e1-40f2e96c8ad8.jpg,Night+Sky
721537be-9448-11e5-88e1-40f2e96c8ad8.jpg,Night+Sky
8c52d9ec-9448-11e5-88e1-40f2e96c8ad8.jpg,Night+Sky
142a1c0a-9448-11e5-88e1-40f2e96c8ad8.jpg,Night+Sky
644af330-9448-11e5-88e1-40f2e96c8ad8.jpg,Night+Sky
7cb4f4e8-9448-11e5-88e1-40f2e96c8ad8.jpg,Night+Sky
475458a2-9448-11e5-88e1-40f2e96c8ad8.jpg,Night+Sky
7d305a7a-9448-11e5-88e1-40f2e96c8ad8.jpg,Night+Sky
6151935a-9448-11e5-88e1-40f2e96c8ad8.jpg,Night+Sky
85f26afe-9448-11e5-88e1-40f2e96c8ad8.jpg,Night+Sky
8c79093c-9448-11e5-88e1-40f2e96c8ad8.gif,Night+Sky
423b9d44-9448-11e5-88e1-40f2e96c8ad8.jpg,Night+Sky
50e42910-9448-11e5-88e1-40f2e96c8ad8.jpg,Night+Sky
3a9d2224-9448-11e5-88e1-40f2e96c8ad8.jpg,Night+Sky
6b7894fa-9448-11e5-88e1-40f2e96c8ad8.jpg,Night+Sky
7a4d6852-9448-11e5-88e1-40f2e96c8ad8.jpg,Night+Sky
3be53c0c-9448-11e5-88e1-40f2e96c8ad8.jpg,Night+Sky
2e402ad4-e606-11e5-a917-40f2e96c8ad8.jpg,fruits+vegetables
0b3c11a0-e607-11e5-a917-40f2e96c8ad8.jpg,fruits+vegetables
6bb8432e-e606-11e5-a917-40f2e96c8ad8.jpg,fruits+vegetables
e7facf56-e606-11e5-a917-40f2e96c8ad8.jpg,fruits+vegetables
cea2f1a0-e606-11e5-a917-40f2e96c8ad8.jpg,fruits+vegetables
7652950a-e606-11e5-a917-40f2e96c8ad8.jpg,fruits+vegetables
5f3e1588-e606-11e5-a917-40f2e96c8ad8.jpg,fruits+vegetables
78f12894-e606-11e5-a917-40f2e96c8ad8.jpg,fruits+vegetables
75ae79b6-e606-11e5-a917-40f2e96c8ad8.jpg,fruits+vegetables
fe1f7724-e605-11e5-a917-40f2e96c8ad8.jpg,fruits+vegetables
23bc99a2-e607-11e5-a917-40f2e96c8ad8.jpg,fruits+vegetables
8c551c24-e606-11e5-a917-40f2e96c8ad8.jpg,fruits+vegetables
a90a0c12-e606-11e5-a917-40f2e96c8ad8.jpg,fruits+vegetables
316009d2-e606-11e5-a917-40f2e96c8ad8.jpeg,fruits+vegetables
34943970-e606-11e5-a917-40f2e96c8ad8.jpg,fruits+vegetables
1cec0ee2-e606-11e5-a917-40f2e96c8ad8.jpg,fruits+vegetables
a942def2-e606-11e5-a917-40f2e96c8ad8.jpg,fruits+vegetables
ba6e1db8-e606-11e5-a917-40f2e96c8ad8.jpg,fruits+vegetables
38b71ab2-e607-11e5-a917-40f2e96c8ad8.jpg,fruits+vegetables
eef8da64-e606-11e5-a917-40f2e96c8ad8.jpg,fruits+vegetables
769c997a-e606-11e5-a917-40f2e96c8ad8.jpg,fruits+vegetables
d2ceddfc-e606-11e5-a917-40f2e96c8ad8.jpg,fruits+vegetables
2c784c4a-e606-11e5-a917-40f2e96c8ad8.jpg,fruits+vegetables
57b3d7a8-e606-11e5-a917-40f2e96c8ad8.jpg,fruits+vegetables
760de216-e606-11e5-a917-40f2e96c8ad8.jpg,fruits+vegetables
1f93f60a-e606-11e5-a917-40f2e96c8ad8.jpg,fruits+vegetables
f6290458-e606-11e5-a917-40f2e96c8ad8.jpg,fruits+vegetables
a852cf52-e606-11e5-a917-40f2e96c8ad8.jpg,fruits+vegetables
72822166-e606-11e5-a917-40f2e96c8ad8.jpg,fruits+vegetables
53b1a586-e606-11e5-a917-40f2e96c8ad8.jpg,fruits+vegetables
cefcffb0-e606-11e5-a917-40f2e96c8ad8.jpg,fruits+vegetables
cd677888-e606-11e5-a917-40f2e96c8ad8.jpg,fruits+vegetables
246058ea-e606-11e5-a917-40f2e96c8ad8.jpg,fruits+vegetables
2b2be504-e606-11e5-a917-40f2e96c8ad8.jpg,fruits+vegetables
359cbce8-e606-11e5-a917-40f2e96c8ad8.jpg,fruits+vegetables
3034a670-e607-11e5-a917-40f2e96c8ad8.jpg,fruits+vegetables
e5d8b68e-e606-11e5-a917-40f2e96c8ad8.jpg,fruits+vegetables
58fa2432-e606-11e5-a917-40f2e96c8ad8.jpg,fruits+vegetables
6882d570-e606-11e5-a917-40f2e96c8ad8.jpg,fruits+vegetables
87d2c0a2-e606-11e5-a917-40f2e96c8ad8.jpg,fruits+vegetables
386fd71a-e607-11e5-a917-40f2e96c8ad8.jpg,fruits+vegetables
e88908b6-e606-11e5-a917-40f2e96c8ad8.jpg,fruits+vegetables
321c8322-e607-11e5-a917-40f2e96c8ad8.jpg,fruits+vegetables
11248c42-e606-11e5-a917-40f2e96c8ad8.jpg,fruits+vegetables
f79228a6-e606-11e5-a917-40f2e96c8ad8.jpg,fruits+vegetables
54218f40-e606-11e5-a917-40f2e96c8ad8.jpg,fruits+vegetables
5d517300-e606-11e5-a917-40f2e96c8ad8.jpg,fruits+vegetables
1e6c0b8c-e606-11e5-a917-40f2e96c8ad8.jpg,fruits+vegetables
e632a76c-e605-11e5-a917-40f2e96c8ad8.jpg,fruits+vegetables
e56af42e-e605-11e5-a917-40f2e96c8ad8.jpg,fruits+vegetables
7543d9da-e606-11e5-a917-40f2e96c8ad8.jpg,fruits+vegetables
bab49874-e606-11e5-a917-40f2e96c8ad8.jpg,fruits+vegetables
8c1d260c-e606-11e5-a917-40f2e96c8ad8.jpg,fruits+vegetables
901c0e8a-e606-11e5-a917-40f2e96c8ad8.jpg,fruits+vegetables
5cf352d4-e606-11e5-a917-40f2e96c8ad8.jpg,fruits+vegetables
ef367768-943d-11e5-a062-40f2e96c8ad8.jpg,vehicles
0a86e8d6-943e-11e5-a062-40f2e96c8ad8.jpg,vehicles
52c192d6-943e-11e5-a062-40f2e96c8ad8.jpg,vehicles
f1ffe0f6-943d-11e5-a062-40f2e96c8ad8.jpg,vehicles
2619fbc4-943e-11e5-a062-40f2e96c8ad8.jpg,vehicles
57dc3b04-943e-11e5-a062-40f2e96c8ad8.jpg,vehicles
137f77d2-943e-11e5-a062-40f2e96c8ad8.jpg,vehicles
5538ec76-943e-11e5-a062-40f2e96c8ad8.jpg,vehicles
48423ad6-943e-11e5-a062-40f2e96c8ad8.jpg,vehicles
090e642a-943e-11e5-a062-40f2e96c8ad8.jpg,vehicles
1070253c-943e-11e5-a062-40f2e96c8ad8.jpg,vehicles
3cc6ad18-943e-11e5-a062-40f2e96c8ad8.jpg,vehicles
4a860eee-943e-11e5-a062-40f2e96c8ad8.JPG,vehicles
f8c147e0-943d-11e5-a062-40f2e96c8ad8.jpg,vehicles
f4e7c0ae-943d-11e5-a062-40f2e96c8ad8.jpg,vehicles
41477f84-943e-11e5-a062-40f2e96c8ad8.jpg,vehicles
e7d7d142-943d-11e5-a062-40f2e96c8ad8.jpg,vehicles
ea176eae-943d-11e5-a062-40f2e96c8ad8.gif,vehicles
09de043c-943e-11e5-a062-40f2e96c8ad8.jpg,vehicles
c92e0fa4-943d-11e5-a062-40f2e96c8ad8.jpg,vehicles
2c4cf9ce-943e-11e5-a062-40f2e96c8ad8.jpg,vehicles
236cf07a-943e-11e5-a062-40f2e96c8ad8.jpg,vehicles
2f23b228-943e-11e5-a062-40f2e96c8ad8.jpg,vehicles
7f34a45c-943e-11e5-a062-40f2e96c8ad8.jpg,vehicles
4ceaa9ba-943e-11e5-a062-40f2e96c8ad8.jpg,vehicles
45839b50-943e-11e5-a062-40f2e96c8ad8.jpg,vehicles
82d63616-943e-11e5-a062-40f2e96c8ad8.jpg,vehicles
2fce2cd0-943e-11e5-a062-40f2e96c8ad8.jpg,vehicles
4df4e244-943e-11e5-a062-40f2e96c8ad8.jpg,vehicles
7c2c9986-943e-11e5-a062-40f2e96c8ad8.jpg,vehicles
2831b654-943e-11e5-a062-40f2e96c8ad8.jpg,vehicles
852d22ee-943e-11e5-a062-40f2e96c8ad8.JPG,vehicles
e538b01e-943d-11e5-a062-40f2e96c8ad8.jpg,vehicles
4bf0cf80-943e-11e5-a062-40f2e96c8ad8.gif,vehicles
5a332aa2-943e-11e5-a062-40f2e96c8ad8.jpg,vehicles
2e059190-943e-11e5-a062-40f2e96c8ad8.jpg,vehicles
2d96542e-943e-11e5-a062-40f2e96c8ad8.JPG,vehicles
e9524570-943d-11e5-a062-40f2e96c8ad8.jpg,vehicles
5af846c0-943e-11e5-a062-40f2e96c8ad8.jpg,vehicles
32f5a712-943e-11e5-a062-40f2e96c8ad8.jpg,vehicles
51806f6e-943e-11e5-a062-40f2e96c8ad8.jpg,vehicles
e3b9f52c-943d-11e5-a062-40f2e96c8ad8.jpg,vehicles
0f6472ba-943e-11e5-a062-40f2e96c8ad8.jpg,vehicles
60371c6a-943e-11e5-a062-40f2e96c8ad8.jpg,vehicles
ecd92ae2-943d-11e5-a062-40f2e96c8ad8.jpg,vehicles
8ba7b846-943e-11e5-a062-40f2e96c8ad8.jpg,vehicles
c9690bea-943d-11e5-a062-40f2e96c8ad8.jpg,vehicles
04a057ea-943e-11e5-a062-40f2e96c8ad8.jpg,vehicles
29f67808-943e-11e5-a062-40f2e96c8ad8.jpg,vehicles
642b7e92-943e-11e5-a062-40f2e96c8ad8.JPG,vehicles
0ed07710-9446-11e5-8185-40f2e96c8ad8.jpg,clothes
533062da-9446-11e5-8185-40f2e96c8ad8.jpg,clothes
3133f6ce-9446-11e5-8185-40f2e96c8ad8.jpg,clothes
64033d44-9446-11e5-8185-40f2e96c8ad8.jpg,clothes
19ab17da-9446-11e5-8185-40f2e96c8ad8.png,clothes
23208b38-9446-11e5-8185-40f2e96c8ad8.jpg,clothes
373c8a72-9446-11e5-8185-40f2e96c8ad8.jpg,clothes
0c91fbea-9446-11e5-8185-40f2e96c8ad8.jpg,clothes
103f0b2a-9446-11e5-8185-40f2e96c8ad8.jpg,clothes
2d94f766-9446-11e5-8185-40f2e96c8ad8.jpg,clothes
58ea9272-9446-11e5-8185-40f2e96c8ad8.png,clothes
095c0592-9446-11e5-8185-40f2e96c8ad8.JPG,clothes
1b86ad4e-9446-11e5-8185-40f2e96c8ad8.jpg,clothes
49f6ecde-9446-11e5-8185-40f2e96c8ad8.jpg,clothes
49839766-9446-11e5-8185-40f2e96c8ad8.jpg,clothes
5ee99c36-9446-11e5-8185-40f2e96c8ad8.JPG,clothes
45bd2fe8-9446-11e5-8185-40f2e96c8ad8.jpg,clothes
12f7a926-9446-11e5-8185-40f2e96c8ad8.jpg,clothes
35930b56-9446-11e5-8185-40f2e96c8ad8.jpg,clothes
4d544aac-9446-11e5-8185-40f2e96c8ad8.jpg,clothes
3a170d26-9446-11e5-8185-40f2e96c8ad8.jpg,clothes
062d980e-9446-11e5-8185-40f2e96c8ad8.png,clothes
430e5d8a-9446-11e5-8185-40f2e96c8ad8.jpg,clothes
5dbaf15c-9446-11e5-8185-40f2e96c8ad8.jpg,clothes
29081bd8-9446-11e5-8185-40f2e96c8ad8.jpg,clothes
1cde2eec-9446-11e5-8185-40f2e96c8ad8.jpg,clothes
4a3d0a34-9446-11e5-8185-40f2e96c8ad8.jpg,clothes
40a1ceb0-9446-11e5-8185-40f2e96c8ad8.jpg,clothes
2d5bb7d0-9446-11e5-8185-40f2e96c8ad8.jpg,clothes
280d964a-9446-11e5-8185-40f2e96c8ad8.jpg,clothes
49a49b96-9446-11e5-8185-40f2e96c8ad8.jpg,clothes
2adc1a36-9446-11e5-8185-40f2e96c8ad8.png,clothes
210f5234-9446-11e5-8185-40f2e96c8ad8.jpg,clothes
56d5c628-9446-11e5-8185-40f2e96c8ad8.jpg,clothes
1c4d2eec-9446-11e5-8185-40f2e96c8ad8.jpg,clothes
4a1d28e0-9446-11e5-8185-40f2e96c8ad8.jpg,clothes
26ce9d92-9446-11e5-8185-40f2e96c8ad8.jpg,clothes
0c60db1e-9446-11e5-8185-40f2e96c8ad8.jpg,clothes
157747b0-9446-11e5-8185-40f2e96c8ad8.jpg,clothes
324a7902-9446-11e5-8185-40f2e96c8ad8.jpg,clothes
55e938bc-9446-11e5-8185-40f2e96c8ad8.jpg,clothes
6222eba0-9446-11e5-8185-40f2e96c8ad8.jpg,clothes
09b9ccb8-9446-11e5-8185-40f2e96c8ad8.jpg,clothes
4ee46c30-9446-11e5-8185-40f2e96c8ad8.jpg,clothes
214609c8-9446-11e5-8185-40f2e96c8ad8.png,clothes
11dedcd0-9446-11e5-8185-40f2e96c8ad8.jpg,clothes
266a1df4-9446-11e5-8185-40f2e96c8ad8.jpg,clothes
49d494c2-9446-11e5-8185-40f2e96c8ad8.gif,clothes
5b3b52c8-9446-11e5-8185-40f2e96c8ad8.jpg,clothes
3275be1e-9446-11e5-8185-40f2e96c8ad8.jpg,clothes
d60a9e44-9448-11e5-a299-40f2e96c8ad8.jpg,food
fbd8f1ac-9448-11e5-a299-40f2e96c8ad8.jpg,food
c98a5786-9448-11e5-a299-40f2e96c8ad8.jpg,food
fe520220-9448-11e5-a299-40f2e96c8ad8.jpg,food
a1507ce6-9448-11e5-a299-40f2e96c8ad8.jpg,food
134cc020-9449-11e5-a299-40f2e96c8ad8.jpg,food
ae15cc6a-9448-11e5-a299-40f2e96c8ad8.jpg,food
c7c187a8-9448-11e5-a299-40f2e96c8ad8.jpg,food
c4541b08-9448-11e5-a299-40f2e96c8ad8.jpg,food
b2e9d72c-9448-11e5-a299-40f2e96c8ad8.jpg,food
8f2b019e-9448-11e5-a299-40f2e96c8ad8.jpg,food
b70bd198-9448-11e5-a299-40f2e96c8ad8.jpg,food
d437edce-9448-11e5-a299-40f2e96c8ad8.jpg,food
c40f64b8-9448-11e5-a299-40f2e96c8ad8.JPG,food
a85910fc-9448-11e5-a299-40f2e96c8ad8.jpg,food
d2b2ccb2-9448-11e5-a299-40f2e96c8ad8.jpg,food
acc5188e-9448-11e5-a299-40f2e96c8ad8.jpg,food
df83b226-9448-11e5-a299-40f2e96c8ad8.jpg,food
e3f9ebf4-9448-11e5-a299-40f2e96c8ad8.jpg,food
037a5d92-9449-11e5-a299-40f2e96c8ad8.JPG,food
e6a09998-9448-11e5-a299-40f2e96c8ad8.jpg,food
c2654a6a-9448-11e5-a299-40f2e96c8ad8.jpg,food
eadac326-9448-11e5-a299-40f2e96c8ad8.jpg,food
f53c3318-9448-11e5-a299-40f2e96c8ad8.jpg,food
dae5cbfa-9448-11e5-a299-40f2e96c8ad8.jpg,food
d927fc84-9448-11e5-a299-40f2e96c8ad8.jpg,food
ddeaf2f8-9448-11e5-a299-40f2e96c8ad8.jpg,food
bfcecbbe-9448-11e5-a299-40f2e96c8ad8.jpg,food
9f5ed4e6-9448-11e5-a299-40f2e96c8ad8.jpg,food
dd1979b2-9448-11e5-a299-40f2e96c8ad8.JPG,food
cd04897c-9448-11e5-a299-40f2e96c8ad8.jpg,food
ae6ed9ae-9448-11e5-a299-40f2e96c8ad8.jpg,food
ca54118e-9448-11e5-a299-40f2e96c8ad8.jpg,food
d6c6d7d0-9448-11e5-a299-40f2e96c8ad8.jpg,food
c2b7fdf0-9448-11e5-a299-40f2e96c8ad8.jpg,food
f077c018-9448-11e5-a299-40f2e96c8ad8.jpg,food
1504f13a-9449-11e5-a299-40f2e96c8ad8.jpg,food
dc299c6c-9448-11e5-a299-40f2e96c8ad8.jpg,food
df32b010-9448-11e5-a299-40f2e96c8ad8.jpg,food
ecc1cc2a-9448-11e5-a299-40f2e96c8ad8.jpg,food
a89f09ea-9448-11e5-a299-40f2e96c8ad8.jpg,food
e279bb56-9448-11e5-a299-40f2e96c8ad8.jpg,food
992bdcc2-9448-11e5-a299-40f2e96c8ad8.jpg,food
ba080ccc-9448-11e5-a299-40f2e96c8ad8.jpg,food
14c07d3e-9449-11e5-a299-40f2e96c8ad8.png,food
e42eec28-9448-11e5-a299-40f2e96c8ad8.jpg,food
923e1ce0-9448-11e5-a299-40f2e96c8ad8.jpg,food
9524b37e-9448-11e5-a299-40f2e96c8ad8.jpg,food
bd1dbd30-9448-11e5-a299-40f2e96c8ad8.jpg,food
d02e31b6-9448-11e5-a299-40f2e96c8ad8.jpg,food
7e546616-943f-11e5-ae9b-40f2e96c8ad8.jpg,crowd
cd350240-943f-11e5-ae9b-40f2e96c8ad8.jpg,crowd
9d46476a-943f-11e5-ae9b-40f2e96c8ad8.jpg,crowd
cb98ff22-943f-11e5-ae9b-40f2e96c8ad8.jpeg,crowd
b2d00152-943f-11e5-ae9b-40f2e96c8ad8.jpg,crowd
7e954974-943f-11e5-ae9b-40f2e96c8ad8.jpg,crowd
8a14c8b0-943f-11e5-ae9b-40f2e96c8ad8.jpg,crowd
63be1900-943f-11e5-ae9b-40f2e96c8ad8.jpg,crowd
e14dd20c-943f-11e5-ae9b-40f2e96c8ad8.jpg,crowd
9dcd1f6a-943f-11e5-ae9b-40f2e96c8ad8.jpg,crowd
c51e8676-943f-11e5-ae9b-40f2e96c8ad8.jpg,crowd
7c067d9a-943f-11e5-ae9b-40f2e96c8ad8.jpg,crowd
96206d9e-943f-11e5-ae9b-40f2e96c8ad8.jpg,crowd
abcc5f68-943f-11e5-ae9b-40f2e96c8ad8.jpg,crowd
bed7c34a-943f-11e5-ae9b-40f2e96c8ad8.jpg,crowd
8ff7aeb0-943e-11e5-ae9b-40f2e96c8ad8.jpg,crowd
d117822a-943f-11e5-ae9b-40f2e96c8ad8.jpg,crowd
70d6b746-943f-11e5-ae9b-40f2e96c8ad8.jpg,crowd
7a1ce9a6-943f-11e5-ae9b-40f2e96c8ad8.jpg,crowd
b9635eb0-943f-11e5-ae9b-40f2e96c8ad8.jpg,crowd
9dfc5bfa-943e-11e5-ae9b-40f2e96c8ad8.jpg,crowd
9950d2b0-943f-11e5-ae9b-40f2e96c8ad8.jpg,crowd
cf78e9d6-943f-11e5-ae9b-40f2e96c8ad8.jpg,crowd
738cdaba-943f-11e5-ae9b-40f2e96c8ad8.jpg,crowd
956d1eb0-943f-11e5-ae9b-40f2e96c8ad8.jpg,crowd
c6deacb6-943f-11e5-ae9b-40f2e96c8ad8.jpg,crowd
e0b1e590-943f-11e5-ae9b-40f2e96c8ad8.jpg,crowd
e2dacef4-943f-11e5-ae9b-40f2e96c8ad8.jpg,crowd
939925a2-943f-11e5-ae9b-40f2e96c8ad8.jpg,crowd
698fa33a-943f-11e5-ae9b-40f2e96c8ad8.jpg,crowd
c893d306-943f-11e5-ae9b-40f2e96c8ad8.jpg,crowd
5337b0a0-943f-11e5-ae9b-40f2e96c8ad8.jpg,crowd
a1727818-943f-11e5-ae9b-40f2e96c8ad8.jpg,crowd
7cb34bba-943f-11e5-ae9b-40f2e96c8ad8.jpg,crowd
66b32e52-943f-11e5-ae9b-40f2e96c8ad8.jpeg,crowd
84571ad6-943f-11e5-ae9b-40f2e96c8ad8.jpg,crowd
6b56e8f4-943f-11e5-ae9b-40f2e96c8ad8.jpg,crowd
715ad706-943f-11e5-ae9b-40f2e96c8ad8.jpg,crowd
76670454-943f-11e5-ae9b-40f2e96c8ad8.jpg,crowd
82f6dc3a-943f-11e5-ae9b-40f2e96c8ad8.jpg,crowd
987a38f0-943e-11e5-ae9b-40f2e96c8ad8.jpg,crowd
d012cd6c-943f-11e5-ae9b-40f2e96c8ad8.jpg,crowd
b3bc8d38-943f-11e5-ae9b-40f2e96c8ad8.jpg,crowd
85f97d7a-943f-11e5-ae9b-40f2e96c8ad8.jpg,crowd
bbf9fe9a-943f-11e5-ae9b-40f2e96c8ad8.jpg,crowd
75e3d502-943f-11e5-ae9b-40f2e96c8ad8.jpg,crowd
75a6bde8-943f-11e5-ae9b-40f2e96c8ad8.jpg,crowd
cef5e68a-943f-11e5-ae9b-40f2e96c8ad8.jpg,crowd
b11e3540-943f-11e5-ae9b-40f2e96c8ad8.jpg,crowd
a57814f4-943f-11e5-ae9b-40f2e96c8ad8.jpg,crowd
ff0b14a0-9447-11e5-a21d-40f2e96c8ad8.jpg,sky
fdaad686-9447-11e5-a21d-40f2e96c8ad8.jpg,sky
c7af24d8-9447-11e5-a21d-40f2e96c8ad8.jpg,sky
d1f37bb0-9447-11e5-a21d-40f2e96c8ad8.jpg,sky
ebdd5b18-9447-11e5-a21d-40f2e96c8ad8.jpg,sky
c5791c00-9447-11e5-a21d-40f2e96c8ad8.jpg,sky
cf73d858-9447-11e5-a21d-40f2e96c8ad8.jpg,sky
cca928f8-9447-11e5-a21d-40f2e96c8ad8.jpg,sky
cad15ff0-9447-11e5-a21d-40f2e96c8ad8.JPG,sky
f1aa82dc-9447-11e5-a21d-40f2e96c8ad8.jpg,sky
ec38f252-9447-11e5-a21d-40f2e96c8ad8.JPG,sky
bba31460-9447-11e5-a21d-40f2e96c8ad8.jpg,sky
b8ebd036-9447-11e5-a21d-40f2e96c8ad8.jpg,sky
0342b9ba-9448-11e5-a21d-40f2e96c8ad8.jpg,sky
f6d903a0-9447-11e5-a21d-40f2e96c8ad8.JPG,sky
b6ed1858-9447-11e5-a21d-40f2e96c8ad8.jpg,sky
ded22ed0-9447-11e5-a21d-40f2e96c8ad8.jpg,sky
bdc35e58-9447-11e5-a21d-40f2e96c8ad8.jpg,sky
ee487d9c-9447-11e5-a21d-40f2e96c8ad8.jpg,sky
e1723e32-9447-11e5-a21d-40f2e96c8ad8.jpg,sky
c6515ef8-9447-11e5-a21d-40f2e96c8ad8.JPG,sky
ee881baa-9447-11e5-a21d-40f2e96c8ad8.jpeg,sky
02fa581e-9448-11e5-a21d-40f2e96c8ad8.jpg,sky
b4ccf002-9447-11e5-a21d-40f2e96c8ad8.jpg,sky
c3657f30-9447-11e5-a21d-40f2e96c8ad8.jpg,sky
c4b16e3a-9447-11e5-a21d-40f2e96c8ad8.jpg,sky
e78b1488-9447-11e5-a21d-40f2e96c8ad8.bmp,sky
e44f1d5a-9447-11e5-a21d-40f2e96c8ad8.bmp,sky
fa677ab0-9447-11e5-a21d-40f2e96c8ad8.jpg,sky
c05f0450-9447-11e5-a21d-40f2e96c8ad8.jpg,sky
b7fa1976-9447-11e5-a21d-40f2e96c8ad8.jpg,sky
d867348c-9447-11e5-a21d-40f2e96c8ad8.jpg,sky
fab75de6-9447-11e5-a21d-40f2e96c8ad8.JPG,sky
c4ebef6a-9447-11e5-a21d-40f2e96c8ad8.jpg,sky
d23e88b2-9447-11e5-a21d-40f2e96c8ad8.jpg,sky
b79dbeba-9447-11e5-a21d-40f2e96c8ad8.jpg,sky
d7a49f6c-9447-11e5-a21d-40f2e96c8ad8.jpg,sky
c1918898-9447-11e5-a21d-40f2e96c8ad8.jpg,sky
b517e706-9447-11e5-a21d-40f2e96c8ad8.jpg,sky
bd2abf4a-9447-11e5-a21d-40f2e96c8ad8.jpg,sky
02853840-9448-11e5-a21d-40f2e96c8ad8.jpg,sky
eecf58da-9447-11e5-a21d-40f2e96c8ad8.jpg,sky
eb98a9be-9447-11e5-a21d-40f2e96c8ad8.jpg,sky
b75f658e-9447-11e5-a21d-40f2e96c8ad8.JPG,sky
bb5d6ff0-9447-11e5-a21d-40f2e96c8ad8.jpg,sky
c0a4fd5c-9447-11e5-a21d-40f2e96c8ad8.jpg,sky
c5afcf20-9447-11e5-a21d-40f2e96c8ad8.jpg,sky
dd629666-9447-11e5-a21d-40f2e96c8ad8.jpg,sky
b88ee998-9447-11e5-a21d-40f2e96c8ad8.jpg,sky
fd639ad2-9447-11e5-a21d-40f2e96c8ad8.jpg,sky
dfb741aa-9442-11e5-80e2-40f2e96c8ad8.jpg,Sound+Waves
4f9a4256-9443-11e5-80e2-40f2e96c8ad8.jpg,Sound+Waves
ccab2248-9442-11e5-80e2-40f2e96c8ad8.jpg,Sound+Waves
67154016-9443-11e5-80e2-40f2e96c8ad8.jpg,Sound+Waves
3a212c5a-9443-11e5-80e2-40f2e96c8ad8.png,Sound+Waves
e28c0f14-9442-11e5-80e2-40f2e96c8ad8.jpg,Sound+Waves
55c457ca-9443-11e5-80e2-40f2e96c8ad8.jpg,Sound+Waves
f5f606c2-9442-11e5-80e2-40f2e96c8ad8.jpg,Sound+Waves
deb83890-9442-11e5-80e2-40f2e96c8ad8.jpg,Sound+Waves
7925c51e-9443-11e5-80e2-40f2e96c8ad8.jpg,Sound+Waves
c66e0fee-9442-11e5-80e2-40f2e96c8ad8.jpg,Sound+Waves
f1a5f140-9442-11e5-80e2-40f2e96c8ad8.jpg,Sound+Waves
ce12f890-9442-11e5-80e2-40f2e96c8ad8.jpg,Sound+Waves
594b4408-9443-11e5-80e2-40f2e96c8ad8.jpg,Sound+Waves
e6cd26f8-9442-11e5-80e2-40f2e96c8ad8.jpg,Sound+Waves
02f03e7e-9443-11e5-80e2-40f2e96c8ad8.jpg,Sound+Waves
f2c456f2-9442-11e5-80e2-40f2e96c8ad8.jpg,Sound+Waves
d0bc8f16-9442-11e5-80e2-40f2e96c8ad8.jpg,Sound+Waves
ff84ee92-9442-11e5-80e2-40f2e96c8ad8.jpg,Sound+Waves
605b2ac4-9443-11e5-80e2-40f2e96c8ad8.jpg,Sound+Waves
3b5518fc-9443-11e5-80e2-40f2e96c8ad8.jpg,Sound+Waves
3e234b94-9443-11e5-80e2-40f2e96c8ad8.jpg,Sound+Waves
d602260c-9442-11e5-80e2-40f2e96c8ad8.jpg,Sound+Waves
3db326e8-9443-11e5-80e2-40f2e96c8ad8.jpg,Sound+Waves
3812978c-9443-11e5-80e2-40f2e96c8ad8.jpg,Sound+Waves
56977a06-9443-11e5-80e2-40f2e96c8ad8.png,Sound+Waves
5b0ae7b2-9443-11e5-80e2-40f2e96c8ad8.jpg,Sound+Waves
419b2292-9443-11e5-80e2-40f2e96c8ad8.jpg,Sound+Waves
561847e0-9443-11e5-80e2-40f2e96c8ad8.png,Sound+Waves
e876737e-9442-11e5-80e2-40f2e96c8ad8.png,Sound+Waves
3f43cf9e-9443-11e5-80e2-40f2e96c8ad8.jpg,Sound+Waves
52ab85a4-9443-11e5-80e2-40f2e96c8ad8.jpg,Sound+Waves
67bb9894-9443-11e5-80e2-40f2e96c8ad8.jpg,Sound+Waves
81c0374a-9443-11e5-80e2-40f2e96c8ad8.jpg,Sound+Waves
7860a5d6-9443-11e5-80e2-40f2e96c8ad8.jpg,Sound+Waves
76e5b0ca-9443-11e5-80e2-40f2e96c8ad8.jpg,Sound+Waves
6572a35c-9443-11e5-80e2-40f2e96c8ad8.jpg,Sound+Waves
7bc52d28-9443-11e5-80e2-40f2e96c8ad8.jpg,Sound+Waves
e51f4746-9442-11e5-80e2-40f2e96c8ad8.jpg,Sound+Waves
54ec1e64-9443-11e5-80e2-40f2e96c8ad8.jpg,Sound+Waves
641dc0ae-9443-11e5-80e2-40f2e96c8ad8.jpg,Sound+Waves
f6d6395e-9442-11e5-80e2-40f2e96c8ad8.jpg,Sound+Waves
5c9006f8-9443-11e5-80e2-40f2e96c8ad8.jpg,Sound+Waves
ef03b5c6-9442-11e5-80e2-40f2e96c8ad8.jpg,Sound+Waves
7df4b640-9443-11e5-80e2-40f2e96c8ad8.jpg,Sound+Waves
5f61e838-9443-11e5-80e2-40f2e96c8ad8.jpg,Sound+Waves
686c5eb8-9443-11e5-80e2-40f2e96c8ad8.jpg,Sound+Waves
4d727a98-9443-11e5-80e2-40f2e96c8ad8.png,Sound+Waves
849c836a-9443-11e5-80e2-40f2e96c8ad8.jpg,Sound+Waves
406d631c-9443-11e5-80e2-40f2e96c8ad8.jpg,Sound+Waves
45e5d6bc-9443-11e5-80e2-40f2e96c8ad8.png,Sound+Waves
7a43f920-9439-11e5-bc72-40f2e96c8ad8.jpg,suburb
8d3f6d52-9439-11e5-bc72-40f2e96c8ad8.jpg,suburb
3efce084-9439-11e5-bc72-40f2e96c8ad8.jpg,suburb
2c904bde-9439-11e5-bc72-40f2e96c8ad8.jpg,suburb
76691f10-9439-11e5-bc72-40f2e96c8ad8.jpg,suburb
2b322f1e-9439-11e5-bc72-40f2e96c8ad8.jpg,suburb
2ec9f526-9439-11e5-bc72-40f2e96c8ad8.jpg,suburb
32e728f4-9439-11e5-bc72-40f2e96c8ad8.jpg,suburb
672599a2-9439-11e5-bc72-40f2e96c8ad8.jpg,suburb
b2ac2d82-9439-11e5-bc72-40f2e96c8ad8.jpg,suburb
b3ae5638-9439-11e5-bc72-40f2e96c8ad8.jpg,suburb
50437222-9439-11e5-bc72-40f2e96c8ad8.jpg,suburb
411cc258-9439-11e5-bc72-40f2e96c8ad8.jpg,suburb
f2e6a530-9439-11e5-bc72-40f2e96c8ad8.jpg,suburb
76209cc2-9439-11e5-bc72-40f2e96c8ad8.jpg,suburb
79ec4734-9439-11e5-bc72-40f2e96c8ad8.jpg,suburb
80a61c3a-9439-11e5-bc72-40f2e96c8ad8.jpg,suburb
a8b6aca8-9439-11e5-bc72-40f2e96c8ad8.jpg,suburb
4c8eba74-9439-11e5-bc72-40f2e96c8ad8.jpg,suburb
2f8c8500-9439-11e5-bc72-40f2e96c8ad8.jpg,suburb
78166ff2-9439-11e5-bc72-40f2e96c8ad8.jpg,suburb
4397503e-9439-11e5-bc72-40f2e96c8ad8.jpg,suburb
79183a20-9439-11e5-bc72-40f2e96c8ad8.jpg,suburb
ab9aae10-9439-11e5-bc72-40f2e96c8ad8.jpg,suburb
2d6a3042-9439-11e5-bc72-40f2e96c8ad8.jpg,suburb
750bf552-9439-11e5-bc72-40f2e96c8ad8.jpg,suburb
49885556-9439-11e5-bc72-40f2e96c8ad8.gif,suburb
a2ee68d8-9439-11e5-bc72-40f2e96c8ad8.jpg,suburb
65f0bdc8-9439-11e5-bc72-40f2e96c8ad8.jpg,suburb
3bfcf8d8-9439-11e5-bc72-40f2e96c8ad8.jpg,suburb
33df22ca-9439-11e5-bc72-40f2e96c8ad8.jpg,suburb
b2081422-9439-11e5-bc72-40f2e96c8ad8.jpg,suburb
56e652fc-9439-11e5-bc72-40f2e96c8ad8.jpg,suburb
a1512150-9439-11e5-bc72-40f2e96c8ad8.jpg,suburb
98e0ec76-9439-11e5-bc72-40f2e96c8ad8.jpg,suburb
690500b4-9439-11e5-bc72-40f2e96c8ad8.jpg,suburb
9e1821c8-9439-11e5-bc72-40f2e96c8ad8.jpg,suburb
3ddda558-9439-11e5-bc72-40f2e96c8ad8.jpg,suburb
4486d67c-9439-11e5-bc72-40f2e96c8ad8.jpg,suburb
36bb8ed4-9439-11e5-bc72-40f2e96c8ad8.jpg,suburb
ed1cfa64-9439-11e5-bc72-40f2e96c8ad8.JPG,suburb
378d660c-9439-11e5-bc72-40f2e96c8ad8.jpg,suburb
795bc862-9439-11e5-bc72-40f2e96c8ad8.jpg,suburb
4f386612-9439-11e5-bc72-40f2e96c8ad8.jpg,suburb
621f9700-9439-11e5-bc72-40f2e96c8ad8.jpg,suburb
f08437f8-9439-11e5-bc72-40f2e96c8ad8.jpg,suburb
2585e43e-9439-11e5-bc72-40f2e96c8ad8.jpg,suburb
ec72c486-9439-11e5-bc72-40f2e96c8ad8.jpg,suburb
4697d448-9439-11e5-bc72-40f2e96c8ad8.jpg,suburb
4407a65e-9439-11e5-bc72-40f2e96c8ad8.jpg,suburb
8dc4d5aa-9439-11e5-bc72-40f2e96c8ad8.jpg,suburb
7d6b8000-9439-11e5-bc72-40f2e96c8ad8.jpg,suburb
53882c70-9439-11e5-bc72-40f2e96c8ad8.JPG,suburb
956540d4-9442-11e5-b2a9-40f2e96c8ad8.jpg,waves
6a6f2d68-9442-11e5-b2a9-40f2e96c8ad8.jpg,waves
61a9b040-9442-11e5-b2a9-40f2e96c8ad8.jpg,waves
5309ad92-9442-11e5-b2a9-40f2e96c8ad8.png,waves
6f66fe40-9442-11e5-b2a9-40f2e96c8ad8.jpg,waves
b33355e2-9442-11e5-b2a9-40f2e96c8ad8.jpg,waves
b5802000-9442-11e5-b2a9-40f2e96c8ad8.jpg,waves
8fd578c8-9442-11e5-b2a9-40f2e96c8ad8.jpg,waves
681c5144-9442-11e5-b2a9-40f2e96c8ad8.jpg,waves
9bf9dde2-9442-11e5-b2a9-40f2e96c8ad8.jpg,waves
b513fefc-9442-11e5-b2a9-40f2e96c8ad8.jpg,waves
c2501d12-9442-11e5-b2a9-40f2e96c8ad8.jpg,waves
9604ad04-9442-11e5-b2a9-40f2e96c8ad8.jpg,waves
a41a86ac-9442-11e5-b2a9-40f2e96c8ad8.jpg,waves
8bbff16e-9442-11e5-b2a9-40f2e96c8ad8.jpg,waves
8ce83f6a-9442-11e5-b2a9-40f2e96c8ad8.jpg,waves
b81eb380-9442-11e5-b2a9-40f2e96c8ad8.jpg,waves
af7fe4d8-9442-11e5-b2a9-40f2e96c8ad8.jpg,waves
501768e0-9442-11e5-b2a9-40f2e96c8ad8.jpg,waves
84a1d712-9442-11e5-b2a9-40f2e96c8ad8.jpg,waves
afc98700-9442-11e5-b2a9-40f2e96c8ad8.jpg,waves
bf238bb0-9442-11e5-b2a9-40f2e96c8ad8.jpg,waves
73dec4bc-9442-11e5-b2a9-40f2e96c8ad8.jpg,waves
a1fe1b4a-9442-11e5-b2a9-40f2e96c8ad8.jpg,waves
c2b0c8d8-9442-11e5-b2a9-40f2e96c8ad8.jpg,waves
710b8932-9442-11e5-b2a9-40f2e96c8ad8.jpg,waves
8360bea4-9442-11e5-b2a9-40f2e96c8ad8.jpg,waves
ba3b1fa0-9442-11e5-b2a9-40f2e96c8ad8.jpg,waves
bb815fdc-9442-11e5-b2a9-40f2e96c8ad8.jpg,waves
6c94c4ea-9442-11e5-b2a9-40f2e96c8ad8.jpg,waves
ae0115d2-9442-11e5-b2a9-40f2e96c8ad8.jpg,waves
714b9446-9442-11e5-b2a9-40f2e96c8ad8.jpg,waves
9851e7f2-9442-11e5-b2a9-40f2e96c8ad8.jpg,waves
739c3700-9442-11e5-b2a9-40f2e96c8ad8.jpg,waves
a99cfd30-9442-11e5-b2a9-40f2e96c8ad8.gif,waves
9e4bbec6-9442-11e5-b2a9-40f2e96c8ad8.jpg,waves
62f48f88-9442-11e5-b2a9-40f2e96c8ad8.jpg,waves
78c73202-9442-11e5-b2a9-40f2e96c8ad8.jpg,waves
5f46216c-9442-11e5-b2a9-40f2e96c8ad8.jpeg,waves
a606a8f6-9442-11e5-b2a9-40f2e96c8ad8.jpg,waves
99129c7c-9442-11e5-b2a9-40f2e96c8ad8.jpg,waves
7c853f1a-9442-11e5-b2a9-40f2e96c8ad8.jpg,waves
87498758-9442-11e5-b2a9-40f2e96c8ad8.jpg,waves
7638528c-9442-11e5-b2a9-40f2e96c8ad8.jpg,waves
7d968cec-9442-11e5-b2a9-40f2e96c8ad8.jpg,waves
7432e1c8-9442-11e5-b2a9-40f2e96c8ad8.jpg,waves
8793f02c-9442-11e5-b2a9-40f2e96c8ad8.jpg,waves
8f088354-9442-11e5-b2a9-40f2e96c8ad8.jpg,waves
5de68de8-9442-11e5-b2a9-40f2e96c8ad8.jpg,waves
c50e69aa-9442-11e5-b2a9-40f2e96c8ad8.jpg,waves
aba0a956-943d-11e5-876f-40f2e96c8ad8.JPG,face
a7133a84-943d-11e5-876f-40f2e96c8ad8.jpg,face
77976064-943d-11e5-876f-40f2e96c8ad8.JPG,face
8675a686-943d-11e5-876f-40f2e96c8ad8.jpg,face
6399b7ba-943d-11e5-876f-40f2e96c8ad8.jpg,face
bc969e46-943d-11e5-876f-40f2e96c8ad8.jpg,face
8a75b1b8-943d-11e5-876f-40f2e96c8ad8.jpg,face
77e97b88-943d-11e5-876f-40f2e96c8ad8.jpg,face
75039dc2-943d-11e5-876f-40f2e96c8ad8.jpg,face
b8a3a9be-943d-11e5-876f-40f2e96c8ad8.jpg,face
85358cdc-943d-11e5-876f-40f2e96c8ad8.jpg,face
5c6276bc-943d-11e5-876f-40f2e96c8ad8.jpg,face
ac14d8ee-943d-11e5-876f-40f2e96c8ad8.jpg,face
71ec0160-943d-11e5-876f-40f2e96c8ad8.jpg,face
67b98bcc-943d-11e5-876f-40f2e96c8ad8.jpg,face
ac3edb12-943d-11e5-876f-40f2e96c8ad8.jpg,face
7eca7fc4-943d-11e5-876f-40f2e96c8ad8.jpg,face
9d6a07e2-943d-11e5-876f-40f2e96c8ad8.jpg,face
9b3a7614-943d-11e5-876f-40f2e96c8ad8.jpg,face
7f9231ea-943d-11e5-876f-40f2e96c8ad8.jpg,face
60d6a218-943d-11e5-876f-40f2e96c8ad8.jpg,face
7142daa4-943d-11e5-876f-40f2e96c8ad8.jpg,face
62017a5a-943d-11e5-876f-40f2e96c8ad8.jpg,face
8be68568-943d-11e5-876f-40f2e96c8ad8.jpg,face
8507a010-943d-11e5-876f-40f2e96c8ad8.jpg,face
b8d17ad8-943d-11e5-876f-40f2e96c8ad8.jpg,face
723eb446-943d-11e5-876f-40f2e96c8ad8.jpg,face
b3dd9d86-943d-11e5-876f-40f2e96c8ad8.jpg,face
6db1d822-943d-11e5-876f-40f2e96c8ad8.jpg,face
8a230152-943d-11e5-876f-40f2e96c8ad8.jpg,face
b0cbb5ce-943d-11e5-876f-40f2e96c8ad8.jpeg,face
aec11260-943d-11e5-876f-40f2e96c8ad8.jpg,face
5473746a-943d-11e5-876f-40f2e96c8ad8.jpg,face
c539e256-943d-11e5-876f-40f2e96c8ad8.jpg,face
96a32ed4-943d-11e5-876f-40f2e96c8ad8.jpg,face
7b9027fa-943d-11e5-876f-40f2e96c8ad8.jpg,face
663cf2c0-943d-11e5-876f-40f2e96c8ad8.jpg,face
5dc9df86-943d-11e5-876f-40f2e96c8ad8.jpg,face
5545b4de-943d-11e5-876f-40f2e96c8ad8.bmp,face
c4b96388-943d-11e5-876f-40f2e96c8ad8.jpg,face
991e11f6-943d-11e5-876f-40f2e96c8ad8.jpg,face
7dd02c04-943d-11e5-876f-40f2e96c8ad8.jpg,face
7e9412c2-943d-11e5-876f-40f2e96c8ad8.jpg,face
7e6c9d78-943d-11e5-876f-40f2e96c8ad8.jpg,face
be3cced2-943d-11e5-876f-40f2e96c8ad8.jpg,face
b1b6fdea-943d-11e5-876f-40f2e96c8ad8.jpg,face
5d77b10c-943d-11e5-876f-40f2e96c8ad8.jpg,face
89985a0c-943d-11e5-876f-40f2e96c8ad8.jpg,face
c4f8ffe8-943d-11e5-876f-40f2e96c8ad8.jpg,face
c33fdec4-943d-11e5-876f-40f2e96c8ad8.jpg,face
4ca14c08-9442-11e5-b514-40f2e96c8ad8.jpg,chaos
d7cdad22-9441-11e5-b514-40f2e96c8ad8.jpg,chaos
4874de7e-9442-11e5-b514-40f2e96c8ad8.jpg,chaos
445f5f12-9442-11e5-b514-40f2e96c8ad8.jpg,chaos
d81c8550-9441-11e5-b514-40f2e96c8ad8.jpg,chaos
2c745a74-9442-11e5-b514-40f2e96c8ad8.jpg,chaos
35df5802-9442-11e5-b514-40f2e96c8ad8.jpg,chaos
e3f75b5c-9441-11e5-b514-40f2e96c8ad8.jpg,chaos
df4312a4-9441-11e5-b514-40f2e96c8ad8.jpg,chaos
3d507ec2-9442-11e5-b514-40f2e96c8ad8.png,chaos
3a59c840-9442-11e5-b514-40f2e96c8ad8.jpg,chaos
1f5ca652-9442-11e5-b514-40f2e96c8ad8.jpg,chaos
10beba9a-9442-11e5-b514-40f2e96c8ad8.jpg,chaos
e71ed5e4-9441-11e5-b514-40f2e96c8ad8.png,chaos
d58890fe-9441-11e5-b514-40f2e96c8ad8.jpg,chaos
41038fd2-9442-11e5-b514-40f2e96c8ad8.jpg,chaos
dbecb952-9441-11e5-b514-40f2e96c8ad8.jpg,chaos
f5679afa-9441-11e5-b514-40f2e96c8ad8.jpg,chaos
2ef23ba4-9442-11e5-b514-40f2e96c8ad8.png,chaos
0075230e-9442-11e5-b514-40f2e96c8ad8.jpg,chaos
13edd7e6-9442-11e5-b514-40f2e96c8ad8.png,chaos
45c9d5c6-9442-11e5-b514-40f2e96c8ad8.jpg,chaos
22a016b4-9442-11e5-b514-40f2e96c8ad8.jpg,chaos
07c12ca2-9442-11e5-b514-40f2e96c8ad8.jpg,chaos
390e7c42-9442-11e5-b514-40f2e96c8ad8.png,chaos
42152bec-9442-11e5-b514-40f2e96c8ad8.jpg,chaos
d9b60328-9441-11e5-b514-40f2e96c8ad8.jpg,chaos
3acf671c-9442-11e5-b514-40f2e96c8ad8.jpg,chaos
0d935ff6-9442-11e5-b514-40f2e96c8ad8.jpg,chaos
153d93ac-9442-11e5-b514-40f2e96c8ad8.png,chaos
05b16454-9442-11e5-b514-40f2e96c8ad8.jpg,chaos
f0dc447c-9441-11e5-b514-40f2e96c8ad8.png,chaos
1284b2d0-9442-11e5-b514-40f2e96c8ad8.jpg,chaos
d52aa2d2-9441-11e5-b514-40f2e96c8ad8.jpg,chaos
40809118-9442-11e5-b514-40f2e96c8ad8.jpg,chaos
e17298c4-9441-11e5-b514-40f2e96c8ad8.jpg,chaos
fa391400-9441-11e5-b514-40f2e96c8ad8.jpg,chaos
17be34ce-9442-11e5-b514-40f2e96c8ad8.jpg,chaos
30653c84-9442-11e5-b514-40f2e96c8ad8.jpg,chaos
e9b65020-9441-11e5-b514-40f2e96c8ad8.jpg,chaos
2660b81c-9442-11e5-b514-40f2e96c8ad8.png,chaos
2523d83a-9442-11e5-b514-40f2e96c8ad8.jpg,chaos
23d932cc-9442-11e5-b514-40f2e96c8ad8.jpg,chaos
0c06c04c-9442-11e5-b514-40f2e96c8ad8.gif,chaos
47fbc1ce-9442-11e5-b514-40f2e96c8ad8.jpg,chaos
ef1c22a6-9441-11e5-b514-40f2e96c8ad8.jpg,chaos
f50d4d20-9441-11e5-b514-40f2e96c8ad8.jpg,chaos
190c6f80-9442-11e5-b514-40f2e96c8ad8.jpg,chaos
30fcbdf2-9442-11e5-b514-40f2e96c8ad8.jpg,chaos
f6898d94-9441-11e5-b514-40f2e96c8ad8.jpg,chaos
449b2c86-9442-11e5-b514-40f2e96c8ad8.jpg,chaos
4e0cfd1c-9442-11e5-b514-40f2e96c8ad8.jpg,chaos
171058bc-9439-11e5-982d-40f2e96c8ad8.jpg,clean+road
eb6718cc-9438-11e5-982d-40f2e96c8ad8.jpg,clean+road
f1b7070a-9438-11e5-982d-40f2e96c8ad8.jpg,clean+road
9dee6f64-9438-11e5-982d-40f2e96c8ad8.jpg,clean+road
1cfd2f8e-9439-11e5-982d-40f2e96c8ad8.jpg,clean+road
f07934a8-9438-11e5-982d-40f2e96c8ad8.jpg,clean+road
1dee8bd6-9439-11e5-982d-40f2e96c8ad8.jpg,clean+road
04eff2aa-9439-11e5-982d-40f2e96c8ad8.gif,clean+road
0cba8004-9439-11e5-982d-40f2e96c8ad8.jpg,clean+road
f49da37a-9438-11e5-982d-40f2e96c8ad8.JPG,clean+road
aa398970-9438-11e5-982d-40f2e96c8ad8.JPG,clean+road
ca2bf47a-9438-11e5-982d-40f2e96c8ad8.jpg,clean+road
0d349966-9439-11e5-982d-40f2e96c8ad8.jpg,clean+road
ce172622-9438-11e5-982d-40f2e96c8ad8.jpg,clean+road
09b40ca4-9439-11e5-982d-40f2e96c8ad8.jpg,clean+road
e14041ca-9438-11e5-982d-40f2e96c8ad8.JPG,clean+road
edab2592-9438-11e5-982d-40f2e96c8ad8.jpg,clean+road
1a5af61c-9439-11e5-982d-40f2e96c8ad8.jpg,clean+road
0ed6fe62-9439-11e5-982d-40f2e96c8ad8.jpg,clean+road
d07053da-9438-11e5-982d-40f2e96c8ad8.jpg,clean+road
1273a1ec-9439-11e5-982d-40f2e96c8ad8.jpg,clean+road
119121a0-9439-11e5-982d-40f2e96c8ad8.jpg,clean+road
cf9b0054-9438-11e5-982d-40f2e96c8ad8.jpg,clean+road
1e8ecce0-9439-11e5-982d-40f2e96c8ad8.jpg,clean+road
f5466668-9438-11e5-982d-40f2e96c8ad8.jpg,clean+road
daf6dab8-9438-11e5-982d-40f2e96c8ad8.jpg,clean+road
d2c002de-9438-11e5-982d-40f2e96c8ad8.jpg,clean+road
18a5a01a-9439-11e5-982d-40f2e96c8ad8.jpg,clean+road
cc541886-9438-11e5-982d-40f2e96c8ad8.JPG,clean+road
9aba0088-9438-11e5-982d-40f2e96c8ad8.jpg,clean+road
074a0a40-9439-11e5-982d-40f2e96c8ad8.jpg,clean+road
cae45ba0-9438-11e5-982d-40f2e96c8ad8.jpg,clean+road
fa07c3a4-9438-11e5-982d-40f2e96c8ad8.jpg,clean+road
d317665a-9438-11e5-982d-40f2e96c8ad8.jpg,clean+road
e1c67e8e-9438-11e5-982d-40f2e96c8ad8.jpg,clean+road
ee72e1ea-9438-11e5-982d-40f2e96c8ad8.jpg,clean+road
f7d92154-9438-11e5-982d-40f2e96c8ad8.jpg,clean+road
ee27525c-9438-11e5-982d-40f2e96c8ad8.jpg,clean+road
da78ed6a-9438-11e5-982d-40f2e96c8ad8.jpg,clean+road
12f96b88-9439-11e5-982d-40f2e96c8ad8.jpg,clean+road
02f330f2-9439-11e5-982d-40f2e96c8ad8.jpg,clean+road
fd1586c6-9438-11e5-982d-40f2e96c8ad8.jpg,clean+road
a5de7084-9438-11e5-982d-40f2e96c8ad8.jpg,clean+road
01042012-9439-11e5-982d-40f2e96c8ad8.jpg,clean+road
23c81784-9439-11e5-982d-40f2e96c8ad8.jpg,clean+road
a3c99d28-9438-11e5-982d-40f2e96c8ad8.jpg,clean+road
d6a507fa-9438-11e5-982d-40f2e96c8ad8.jpg,clean+road
da423388-9438-11e5-982d-40f2e96c8ad8.jpg,clean+road
05304a9e-9439-11e5-982d-40f2e96c8ad8.jpg,clean+road
a996d6d0-9438-11e5-982d-40f2e96c8ad8.jpg,clean+road
152f47d8-9439-11e5-982d-40f2e96c8ad8.jpg,clean+road
a006a250-9445-11e5-ac62-40f2e96c8ad8.jpg,indian+railway+tracks
a9413998-9445-11e5-ac62-40f2e96c8ad8.jpg,indian+railway+tracks
9db112a6-9445-11e5-ac62-40f2e96c8ad8.jpe,indian+railway+tracks
7feda1b2-9445-11e5-ac62-40f2e96c8ad8.jpg,indian+railway+tracks
54b07498-9445-11e5-ac62-40f2e96c8ad8.jpg,indian+railway+tracks
6087bc68-9445-11e5-ac62-40f2e96c8ad8.jpg,indian+railway+tracks
623f8e8c-9445-11e5-ac62-40f2e96c8ad8.jpg,indian+railway+tracks
a7eb5cb8-9445-11e5-ac62-40f2e96c8ad8.png,indian+railway+tracks
874e5dde-9445-11e5-ac62-40f2e96c8ad8.jpg,indian+railway+tracks
6ddb3868-9445-11e5-ac62-40f2e96c8ad8.jpg,indian+railway+tracks
81f0a27a-9445-11e5-ac62-40f2e96c8ad8.jpg,indian+railway+tracks
650f497c-9445-11e5-ac62-40f2e96c8ad8.jpg,indian+railway+tracks
a0c04b1a-9445-11e5-ac62-40f2e96c8ad8.jpg,indian+railway+tracks
a10a195c-9445-11e5-ac62-40f2e96c8ad8.jpg,indian+railway+tracks
6e489444-9445-11e5-ac62-40f2e96c8ad8.jpg,indian+railway+tracks
76d8f126-9445-11e5-ac62-40f2e96c8ad8.jpg,indian+railway+tracks
82fbbc68-9445-11e5-ac62-40f2e96c8ad8.jpg,indian+railway+tracks
7be8d2e4-9445-11e5-ac62-40f2e96c8ad8.jpg,indian+railway+tracks
9c55ecce-9445-11e5-ac62-40f2e96c8ad8.gif,indian+railway+tracks
77215eb6-9445-11e5-ac62-40f2e96c8ad8.JPG,indian+railway+tracks
6f70e600-9445-11e5-ac62-40f2e96c8ad8.jpg,indian+railway+tracks
7d30ce40-9445-11e5-ac62-40f2e96c8ad8.jpg,indian+railway+tracks
a8e82d94-9445-11e5-ac62-40f2e96c8ad8.jpg,indian+railway+tracks
8346a584-9445-11e5-ac62-40f2e96c8ad8.jpg,indian+railway+tracks
6735f7be-9445-11e5-ac62-40f2e96c8ad8.jpg,indian+railway+tracks
79363f50-9445-11e5-ac62-40f2e96c8ad8.jpg,indian+railway+tracks
56551b50-9445-11e5-ac62-40f2e96c8ad8.jpg,indian+railway+tracks
7a17658e-9445-11e5-ac62-40f2e96c8ad8.jpg,indian+railway+tracks
94b99358-9445-11e5-ac62-40f2e96c8ad8.jpg,indian+railway+tracks
60270274-9445-11e5-ac62-40f2e96c8ad8.jpg,indian+railway+tracks
8f21f778-9445-11e5-ac62-40f2e96c8ad8.jpg,indian+railway+tracks
79d02958-9445-11e5-ac62-40f2e96c8ad8.JPG,indian+railway+tracks
a182ea1c-9445-11e5-ac62-40f2e96c8ad8.jpg,indian+railway+tracks
5196f494-9445-11e5-ac62-40f2e96c8ad8.jpg,indian+railway+tracks
68deb24a-9445-11e5-ac62-40f2e96c8ad8.jpg,indian+railway+tracks
8c6a37ca-9445-11e5-ac62-40f2e96c8ad8.jpg,indian+railway+tracks
558644b0-9445-11e5-ac62-40f2e96c8ad8.jpg,indian+railway+tracks
560f21cc-9445-11e5-ac62-40f2e96c8ad8.jpg,indian+railway+tracks
996cbe0c-9445-11e5-ac62-40f2e96c8ad8.jpg,indian+railway+tracks
6b86ff20-9445-11e5-ac62-40f2e96c8ad8.jpg,indian+railway+tracks
51d2b98e-9445-11e5-ac62-40f2e96c8ad8.jpg,indian+railway+tracks
a225b29c-9445-11e5-ac62-40f2e96c8ad8.JPG,indian+railway+tracks
731b644c-9445-11e5-ac62-40f2e96c8ad8.jpg,indian+railway+tracks
90e05186-9445-11e5-ac62-40f2e96c8ad8.jpg,indian+railway+tracks
a99cd118-9445-11e5-ac62-40f2e96c8ad8.jpg,indian+railway+tracks
9812d3e8-9445-11e5-ac62-40f2e96c8ad8.png,indian+railway+tracks
4cf9ce3e-9445-11e5-ac62-40f2e96c8ad8.jpg,indian+railway+tracks
78f55a8a-9445-11e5-ac62-40f2e96c8ad8.jpg,indian+railway+tracks
8796e09a-9445-11e5-ac62-40f2e96c8ad8.jpg,indian+railway+tracks
7075267e-9445-11e5-ac62-40f2e96c8ad8.jpg,indian+railway+tracks
7eccf17a-9445-11e5-ac62-40f2e96c8ad8.jpg,indian+railway+tracks
78bad6da-9445-11e5-ac62-40f2e96c8ad8.jpg,indian+railway+tracks
268f99a2-943d-11e5-9331-40f2e96c8ad8.jpg,Indian+roads
1d5a6880-943d-11e5-9331-40f2e96c8ad8.jpg,Indian+roads
e62a82dc-943c-11e5-9331-40f2e96c8ad8.jpeg,Indian+roads
5296cf66-943d-11e5-9331-40f2e96c8ad8.jpg,Indian+roads
fc8b651e-943c-11e5-9331-40f2e96c8ad8.jpg,Indian+roads
f4f4b530-943c-11e5-9331-40f2e96c8ad8.jpg,Indian+roads
26dc470c-943d-11e5-9331-40f2e96c8ad8.jpg,Indian+roads
49bc6e50-943d-11e5-9331-40f2e96c8ad8.jpg,Indian+roads
4d9c75e2-943d-11e5-9331-40f2e96c8ad8.jpg,Indian+roads
3189d318-943d-11e5-9331-40f2e96c8ad8.jpg,Indian+roads
46b4b794-943d-11e5-9331-40f2e96c8ad8.jpg,Indian+roads
2166c52c-943d-11e5-9331-40f2e96c8ad8.jpg,Indian+roads
3dc61f42-943d-11e5-9331-40f2e96c8ad8.jpg,Indian+roads
2be6fd6e-943d-11e5-9331-40f2e96c8ad8.jpg,Indian+roads
4fcd825c-943d-11e5-9331-40f2e96c8ad8.jpg,Indian+roads
3cc3c9aa-943d-11e5-9331-40f2e96c8ad8.jpg,Indian+roads
09734f76-943d-11e5-9331-40f2e96c8ad8.JPG,Indian+roads
fa98ded0-943c-11e5-9331-40f2e96c8ad8.jpg,Indian+roads
f5fab362-943c-11e5-9331-40f2e96c8ad8.jpg,Indian+roads
3b2c1dae-943d-11e5-9331-40f2e96c8ad8.jpg,Indian+roads
f4205b96-943c-11e5-9331-40f2e96c8ad8.jpg,Indian+roads
40b31890-943d-11e5-9331-40f2e96c8ad8.jpg,Indian+roads
382df2e4-943d-11e5-9331-40f2e96c8ad8.jpg,Indian+roads
230bb78e-943d-11e5-9331-40f2e96c8ad8.jpg,Indian+roads
3e571dc6-943d-11e5-9331-40f2e96c8ad8.jpg,Indian+roads
e3dc468c-943c-11e5-9331-40f2e96c8ad8.jpg,Indian+roads
29b5d114-943d-11e5-9331-40f2e96c8ad8.jpg,Indian+roads
36553482-943d-11e5-9331-40f2e96c8ad8.jpg,Indian+roads
e591670a-943c-11e5-9331-40f2e96c8ad8.jpg,Indian+roads
4e1bd49a-943d-11e5-9331-40f2e96c8ad8.jpg,Indian+roads
3bc6c660-943d-11e5-9331-40f2e96c8ad8.jpg,Indian+roads
00ca7a52-943d-11e5-9331-40f2e96c8ad8.jpg,Indian+roads
4f38b46a-943d-11e5-9331-40f2e96c8ad8.png,Indian+roads
329cc346-943d-11e5-9331-40f2e96c8ad8.jpg,Indian+roads
01d44a90-943d-11e5-9331-40f2e96c8ad8.jpg,Indian+roads
4b6f6fe0-943d-11e5-9331-40f2e96c8ad8.jpg,Indian+roads
497e18bc-943d-11e5-9331-40f2e96c8ad8.gif,Indian+roads
f8149aa0-943c-11e5-9331-40f2e96c8ad8.jpg,Indian+roads
25457350-943d-11e5-9331-40f2e96c8ad8.jpg,Indian+roads
f041e6de-943c-11e5-9331-40f2e96c8ad8.jpg,Indian+roads
353344ae-943d-11e5-9331-40f2e96c8ad8.jpg,Indian+roads
21e4af8c-943d-11e5-9331-40f2e96c8ad8.jpg,Indian+roads
ec7b7966-943c-11e5-9331-40f2e96c8ad8.jpeg,Indian+roads
39f8ee9e-943d-11e5-9331-40f2e96c8ad8.jpg,Indian+roads
042dc2b2-943d-11e5-9331-40f2e96c8ad8.jpg,Indian+roads
076ec214-943d-11e5-9331-40f2e96c8ad8.jpg,Indian+roads
4020d23c-943d-11e5-9331-40f2e96c8ad8.jpg,Indian+roads
502ce8d2-943d-11e5-9331-40f2e96c8ad8.jpg,Indian+roads
30c9ca78-943d-11e5-9331-40f2e96c8ad8.jpg,Indian+roads
4284b246-943d-11e5-9331-40f2e96c8ad8.jpg,Indian+roads
50f865e8-943d-11e5-9331-40f2e96c8ad8.jpg,Indian+roads
3041b4bc-943d-11e5-9331-40f2e96c8ad8.jpg,Indian+roads
3903d602-943d-11e5-9331-40f2e96c8ad8.jpg,Indian+roads
fb29de94-943c-11e5-9331-40f2e96c8ad8.jpg,Indian+roads
385e879c-943d-11e5-9331-40f2e96c8ad8.jpg,Indian+roads
062553a0-943d-11e5-9331-40f2e96c8ad8.jpg,Indian+roads
43fe8022-9445-11e5-8713-40f2e96c8ad8.png,topography
8e1acf2c-9444-11e5-8713-40f2e96c8ad8.gif,topography
3c1b1fc8-9445-11e5-8713-40f2e96c8ad8.jpg,topography
3b1cb65e-9445-11e5-8713-40f2e96c8ad8.jpg,topography
d8de464c-9444-11e5-8713-40f2e96c8ad8.png,topography
b5da808e-9444-11e5-8713-40f2e96c8ad8.png,topography
40d4706e-9445-11e5-8713-40f2e96c8ad8.gif,topography
883557a8-9444-11e5-8713-40f2e96c8ad8.jpg,topography
36809fa2-9445-11e5-8713-40f2e96c8ad8.png,topography
edf37f48-9444-11e5-8713-40f2e96c8ad8.jpg,topography
d48ab72e-9444-11e5-8713-40f2e96c8ad8.gif,topography
7e31fd10-9444-11e5-8713-40f2e96c8ad8.jpg,topography
06bd39f6-9445-11e5-8713-40f2e96c8ad8.jpg,topography
99b2b2c8-9444-11e5-8713-40f2e96c8ad8.jpg,topography
201ae524-9445-11e5-8713-40f2e96c8ad8.png,topography
03904be2-9445-11e5-8713-40f2e96c8ad8.jpg,topography
41e4a122-9445-11e5-8713-40f2e96c8ad8.png,topography
faff336c-9444-11e5-8713-40f2e96c8ad8.jpg,topography
21659398-9445-11e5-8713-40f2e96c8ad8.png,topography
10bb0578-9445-11e5-8713-40f2e96c8ad8.jpg,topography
a73fc160-9444-11e5-8713-40f2e96c8ad8.jpg,topography
8c6e3b1e-9444-11e5-8713-40f2e96c8ad8.jpg,topography
de657a0e-9444-11e5-8713-40f2e96c8ad8.gif,topography
38d3e700-9445-11e5-8713-40f2e96c8ad8.gif,topography
01c3f58e-9445-11e5-8713-40f2e96c8ad8.gif,topography
f90dfdfe-9444-11e5-8713-40f2e96c8ad8.jpg,topography
855b5fc8-9444-11e5-8713-40f2e96c8ad8.gif,topography
97dd9436-9444-11e5-8713-40f2e96c8ad8.jpg,topography
e255e4dc-9444-11e5-8713-40f2e96c8ad8.png,topography
e54e73ac-9444-11e5-8713-40f2e96c8ad8.jpg,topography
db605450-9444-11e5-8713-40f2e96c8ad8.jpg,topography
1a830c36-9445-11e5-8713-40f2e96c8ad8.JPG,topography
138d7862-9445-11e5-8713-40f2e96c8ad8.gif,topography
812b6592-9444-11e5-8713-40f2e96c8ad8.jpg,topography
3d44b418-9445-11e5-8713-40f2e96c8ad8.jpg,topography
ef804788-9444-11e5-8713-40f2e96c8ad8.png,topography
f164d136-9444-11e5-8713-40f2e96c8ad8.gif,topography
9305c438-9444-11e5-8713-40f2e96c8ad8.png,topography
339c8dd2-9445-11e5-8713-40f2e96c8ad8.gif,topography
c1531a7a-9444-11e5-8713-40f2e96c8ad8.jpg,topography
843f5130-9444-11e5-8713-40f2e96c8ad8.jpg,topography
b8855c14-9444-11e5-8713-40f2e96c8ad8.jpg,topography
fdac1594-9444-11e5-8713-40f2e96c8ad8.jpg,topography
8ff00a6a-9444-11e5-8713-40f2e96c8ad8.jpg,topography
00272ade-9445-11e5-8713-40f2e96c8ad8.jpg,topography
eadd106c-9444-11e5-8713-40f2e96c8ad8.png,topography
25cc5692-9445-11e5-8713-40f2e96c8ad8.jpg,topography
14b8e762-9445-11e5-8713-40f2e96c8ad8.png,topography
24bc1d50-9445-11e5-8713-40f2e96c8ad8.jpg,topography
1c54dc4c-9445-11e5-8713-40f2e96c8ad8.jpg,topography
95a8fbf6-9444-11e5-8713-40f2e96c8ad8.png,topography
ab64eae8-9441-11e5-a88c-40f2e96c8ad8.jpg,Places
b3396514-9441-11e5-a88c-40f2e96c8ad8.jpg,Places
9b8f4cf8-9441-11e5-a88c-40f2e96c8ad8.jpg,Places
8890e184-9441-11e5-a88c-40f2e96c8ad8.jpg,Places
7f78c058-9441-11e5-a88c-40f2e96c8ad8.jpg,Places
c58aeb20-9441-11e5-a88c-40f2e96c8ad8.jpg,Places
400a5f94-9441-11e5-a88c-40f2e96c8ad8.jpg,Places
3f2f8216-9441-11e5-a88c-40f2e96c8ad8.jpg,Places
d47fbfd4-9441-11e5-a88c-40f2e96c8ad8.jpg,Places
82bfb0d2-9441-11e5-a88c-40f2e96c8ad8.jpg,Places
cb08b7f8-9441-11e5-a88c-40f2e96c8ad8.jpg,Places
3b9e802a-9441-11e5-a88c-40f2e96c8ad8.jpg,Places
7cb5891e-9441-11e5-a88c-40f2e96c8ad8.jpg,Places
a5eeb1b6-9441-11e5-a88c-40f2e96c8ad8.jpg,Places
9255dfa8-9441-11e5-a88c-40f2e96c8ad8.jpg,Places
4af05bf2-9441-11e5-a88c-40f2e96c8ad8.jpg,Places
3561d87e-9441-11e5-a88c-40f2e96c8ad8.jpg,Places
4ce3d24a-9441-11e5-a88c-40f2e96c8ad8.jpg,Places
6121b11e-9441-11e5-a88c-40f2e96c8ad8.jpg,Places
59b0f6ce-9441-11e5-a88c-40f2e96c8ad8.jpg,Places
426ba6da-9441-11e5-a88c-40f2e96c8ad8.jpg,Places
5073cc08-9441-11e5-a88c-40f2e96c8ad8.jpg,Places
cf4a9930-9441-11e5-a88c-40f2e96c8ad8.jpg,Places
7024af0e-9441-11e5-a88c-40f2e96c8ad8.JPG,Places
83c4645a-9441-11e5-a88c-40f2e96c8ad8.jpg,Places
84b74b20-9441-11e5-a88c-40f2e96c8ad8.jpg,Places
21cf291a-9441-11e5-a88c-40f2e96c8ad8.jpg,Places
72ae7930-9441-11e5-a88c-40f2e96c8ad8.jpg,Places
5caf1176-9441-11e5-a88c-40f2e96c8ad8.jpg,Places
97ecb8ec-9441-11e5-a88c-40f2e96c8ad8.jpg,Places
adc6624e-9441-11e5-a88c-40f2e96c8ad8.jpg,Places
77bddbaa-9441-11e5-a88c-40f2e96c8ad8.jpg,Places
b09102b8-9441-11e5-a88c-40f2e96c8ad8.png,Places
a65d1c8c-9441-11e5-a88c-40f2e96c8ad8.jpg,Places
3960fbc6-9441-11e5-a88c-40f2e96c8ad8.jpg,Places
780a2e10-9441-11e5-a88c-40f2e96c8ad8.jpg,Places
51189a44-9441-11e5-a88c-40f2e96c8ad8.jpg,Places
471adb9c-9441-11e5-a88c-40f2e96c8ad8.jpg,Places
85d2e474-9441-11e5-a88c-40f2e96c8ad8.jpg,Places
74373d96-9441-11e5-a88c-40f2e96c8ad8.jpg,Places
95e59d52-9441-11e5-a88c-40f2e96c8ad8.gif,Places
a8fde80e-9441-11e5-a88c-40f2e96c8ad8.jpg,Places
3f743faa-9441-11e5-a88c-40f2e96c8ad8.jpg,Places
5ee94ad8-9441-11e5-a88c-40f2e96c8ad8.jpg,Places
40dc5940-9441-11e5-a88c-40f2e96c8ad8.jpg,Places
3fc97f74-9441-11e5-a88c-40f2e96c8ad8.jpg,Places
440b7df8-9441-11e5-a88c-40f2e96c8ad8.jpg,Places
93d39e24-9441-11e5-a88c-40f2e96c8ad8.jpg,Places
3b479c1a-9441-11e5-a88c-40f2e96c8ad8.gif,Places
a859c1f2-9441-11e5-a88c-40f2e96c8ad8.jpg,Places
8abbbcd6-9441-11e5-a88c-40f2e96c8ad8.jpg,Places
e5bba9aa-9443-11e5-bdaa-40f2e96c8ad8.jpg,earth+dust
958b5e26-9443-11e5-bdaa-40f2e96c8ad8.jpg,earth+dust
e972f332-9443-11e5-bdaa-40f2e96c8ad8.jpg,earth+dust
e16fd6f0-9443-11e5-bdaa-40f2e96c8ad8.image_full,earth+dust
5584a30e-9444-11e5-bdaa-40f2e96c8ad8.gif,earth+dust
57a6768a-9444-11e5-bdaa-40f2e96c8ad8.jpg,earth+dust
eb80bfc4-9443-11e5-bdaa-40f2e96c8ad8.jpg,earth+dust
983a3d04-9443-11e5-bdaa-40f2e96c8ad8.jpeg,earth+dust
ab30ffa6-9443-11e5-bdaa-40f2e96c8ad8.jpg,earth+dust
7539c544-9444-11e5-bdaa-40f2e96c8ad8.jpg,earth+dust
ddae7936-9443-11e5-bdaa-40f2e96c8ad8.jpg,earth+dust
d901db30-9443-11e5-bdaa-40f2e96c8ad8.jpg,earth+dust
5c33469c-9444-11e5-bdaa-40f2e96c8ad8.jpg,earth+dust
8f4fb750-9443-11e5-bdaa-40f2e96c8ad8.jpg,earth+dust
8999ceae-9443-11e5-bdaa-40f2e96c8ad8.jpg,earth+dust
3fa416e6-9444-11e5-bdaa-40f2e96c8ad8.jpg,earth+dust
7a778712-9444-11e5-bdaa-40f2e96c8ad8.6a0105371bb32c970b01a3fca04834970b-750wi,earth+dust
12e9d2f8-9444-11e5-bdaa-40f2e96c8ad8.jpg,earth+dust
f4df5e7c-9443-11e5-bdaa-40f2e96c8ad8.jpg,earth+dust
1375b552-9444-11e5-bdaa-40f2e96c8ad8.jpg,earth+dust
5d27814e-9444-11e5-bdaa-40f2e96c8ad8.jpg,earth+dust
5715ff4c-9444-11e5-bdaa-40f2e96c8ad8.jpg,earth+dust
5e525c4c-9444-11e5-bdaa-40f2e96c8ad8.jpg,earth+dust
dcc98f60-9443-11e5-bdaa-40f2e96c8ad8.jpeg,earth+dust
9538af46-9443-11e5-bdaa-40f2e96c8ad8.jpg,earth+dust
acb7b162-9443-11e5-bdaa-40f2e96c8ad8.tif,earth+dust
7622773a-9444-11e5-bdaa-40f2e96c8ad8.jpg,earth+dust
10d0fd66-9444-11e5-bdaa-40f2e96c8ad8.jpg,earth+dust
3f2b6ba6-9444-11e5-bdaa-40f2e96c8ad8.jpg,earth+dust
8c28c166-9443-11e5-bdaa-40f2e96c8ad8.jpg,earth+dust
0f677dba-9444-11e5-bdaa-40f2e96c8ad8.jpg,earth+dust
a01ed7d2-9443-11e5-bdaa-40f2e96c8ad8.jpg,earth+dust
85eeadd8-9443-11e5-bdaa-40f2e96c8ad8.jpg,earth+dust
87c231d4-9443-11e5-bdaa-40f2e96c8ad8.jpg,earth+dust
79a1eb52-9444-11e5-bdaa-40f2e96c8ad8.jpg,earth+dust
5b049bcc-9444-11e5-bdaa-40f2e96c8ad8.jpg,earth+dust
974b2138-9443-11e5-bdaa-40f2e96c8ad8.jpg,earth+dust
52550246-9444-11e5-bdaa-40f2e96c8ad8.jpg,earth+dust
e6ad4e5e-9443-11e5-bdaa-40f2e96c8ad8.jpg,earth+dust
f7116352-9443-11e5-bdaa-40f2e96c8ad8.jpg,earth+dust
f98ab318-9443-11e5-bdaa-40f2e96c8ad8.jpg,earth+dust
e8e99736-9443-11e5-bdaa-40f2e96c8ad8.jpg,earth+dust
a5ea275c-9443-11e5-bdaa-40f2e96c8ad8.jpg,earth+dust
0e905a74-9444-11e5-bdaa-40f2e96c8ad8.jpg,earth+dust
fbdcd470-9443-11e5-bdaa-40f2e96c8ad8.jpg,earth+dust
a25ff77e-9443-11e5-bdaa-40f2e96c8ad8.jpg,earth+dust
aa184232-9443-11e5-bdaa-40f2e96c8ad8.jpg,earth+dust
883d31ae-9443-11e5-bdaa-40f2e96c8ad8.jpg,earth+dust
e4681af2-9443-11e5-bdaa-40f2e96c8ad8.jpg,earth+dust
d7fa9f56-9443-11e5-bdaa-40f2e96c8ad8.jpg,earth+dust
9d9a2552-9443-11e5-bdaa-40f2e96c8ad8.jpg,earth+dust
106fa020-9444-11e5-bdaa-40f2e96c8ad8.jpg,earth+dust
4f934838-9444-11e5-bdaa-40f2e96c8ad8.jpg,earth+dust
9347cbcc-9443-11e5-bdaa-40f2e96c8ad8.jpeg,earth+dust
f74c9bf6-943a-11e5-9fb2-40f2e96c8ad8.jpg,countryside
7a4c9f42-943b-11e5-9fb2-40f2e96c8ad8.jpg,countryside
7a8ec11a-943b-11e5-9fb2-40f2e96c8ad8.jpg,countryside
cac60784-943a-11e5-9fb2-40f2e96c8ad8.jpg,countryside
5eaec3be-943b-11e5-9fb2-40f2e96c8ad8.jpg,countryside
6d88d744-943b-11e5-9fb2-40f2e96c8ad8.jpg,countryside
217f6160-943b-11e5-9fb2-40f2e96c8ad8.jpg,countryside
c72ed010-943a-11e5-9fb2-40f2e96c8ad8.jpg,countryside
6a77164c-943b-11e5-9fb2-40f2e96c8ad8.jpg,countryside
4db644b0-943b-11e5-9fb2-40f2e96c8ad8.jpg,countryside
5d67cf28-943b-11e5-9fb2-40f2e96c8ad8.jpg,countryside
c566f604-943a-11e5-9fb2-40f2e96c8ad8.jpg,countryside
678f334c-943b-11e5-9fb2-40f2e96c8ad8.jpg,countryside
e51c034a-943a-11e5-9fb2-40f2e96c8ad8.jpg,countryside
248c433c-943b-11e5-9fb2-40f2e96c8ad8.jpg,countryside
724eec64-943b-11e5-9fb2-40f2e96c8ad8.JPG,countryside
5f3451aa-943b-11e5-9fb2-40f2e96c8ad8.jpg,countryside
7b57b41c-943b-11e5-9fb2-40f2e96c8ad8.jpg,countryside
66391ec2-943b-11e5-9fb2-40f2e96c8ad8.jpg,countryside
f5321d46-943a-11e5-9fb2-40f2e96c8ad8.jpg,countryside
575b4aba-943b-11e5-9fb2-40f2e96c8ad8.jpg,countryside
6f11c81e-943b-11e5-9fb2-40f2e96c8ad8.jpg,countryside
7159761c-943b-11e5-9fb2-40f2e96c8ad8.jpg,countryside
ea6b5e18-943a-11e5-9fb2-40f2e96c8ad8.jpg,countryside
1f4fe874-943b-11e5-9fb2-40f2e96c8ad8.jpg,countryside
61534d74-943b-11e5-9fb2-40f2e96c8ad8.jpg,countryside
46c04de0-943b-11e5-9fb2-40f2e96c8ad8.JPG,countryside
14cbb91e-943b-11e5-9fb2-40f2e96c8ad8.jpg,countryside
5001f3f4-943b-11e5-9fb2-40f2e96c8ad8.jpg,countryside
5e19df24-943b-11e5-9fb2-40f2e96c8ad8.jpg,countryside
d55791c2-943a-11e5-9fb2-40f2e96c8ad8.JPG,countryside
f32776e0-943a-11e5-9fb2-40f2e96c8ad8.jpg,countryside
d388b29a-943a-11e5-9fb2-40f2e96c8ad8.jpg,countryside
2a4ccc06-943b-11e5-9fb2-40f2e96c8ad8.jpg,countryside
2e1c2af2-943b-11e5-9fb2-40f2e96c8ad8.JPG,countryside
eaa35a16-943a-11e5-9fb2-40f2e96c8ad8.jpg,countryside
f0c000ac-943a-11e5-9fb2-40f2e96c8ad8.jpg,countryside
17a82974-943b-11e5-9fb2-40f2e96c8ad8.jpg,countryside
36da0970-943b-11e5-9fb2-40f2e96c8ad8.jpg,countryside
71953b48-943b-11e5-9fb2-40f2e96c8ad8.jpg,countryside
e32e9d04-943a-11e5-9fb2-40f2e96c8ad8.jpg,countryside
763db9c2-943b-11e5-9fb2-40f2e96c8ad8.jpg,countryside
1650d440-943b-11e5-9fb2-40f2e96c8ad8.jpg,countryside
cb3d981c-943a-11e5-9fb2-40f2e96c8ad8.jpg,countryside
f5a28cde-943a-11e5-9fb2-40f2e96c8ad8.jpg,countryside
39d12c12-943b-11e5-9fb2-40f2e96c8ad8.jpg,countryside
27dbc6d4-943b-11e5-9fb2-40f2e96c8ad8.jpg,countryside
e2aff832-943a-11e5-9fb2-40f2e96c8ad8.jpg,countryside
3663a38e-943b-11e5-9fb2-40f2e96c8ad8.jpg,countryside
c4cf9a34-943a-11e5-9fb2-40f2e96c8ad8.jpg,countryside
cc605216-943a-11e5-9fb2-40f2e96c8ad8.jpg,countryside
f873ffe6-9445-11e5-a034-40f2e96c8ad8.jpg,chaos+cable
eac7019a-9445-11e5-a034-40f2e96c8ad8.jpg,chaos+cable
b7224c6e-9445-11e5-a034-40f2e96c8ad8.jpg,chaos+cable
cc8c398e-9445-11e5-a034-40f2e96c8ad8.png,chaos+cable
ab8fc3d6-9445-11e5-a034-40f2e96c8ad8.jpg,chaos+cable
03d165b8-9446-11e5-a034-40f2e96c8ad8.jpg,chaos+cable
af62ffbe-9445-11e5-a034-40f2e96c8ad8.jpg,chaos+cable
c4e9a2de-9445-11e5-a034-40f2e96c8ad8.jpg,chaos+cable
b380b104-9445-11e5-a034-40f2e96c8ad8.jpg,chaos+cable
dd2de4a4-9445-11e5-a034-40f2e96c8ad8.jpg,chaos+cable
d893eb82-9445-11e5-a034-40f2e96c8ad8.jpg,chaos+cable
f3cef202-9445-11e5-a034-40f2e96c8ad8.jpg,chaos+cable
02fe4598-9446-11e5-a034-40f2e96c8ad8.jpg,chaos+cable
ee8389b6-9445-11e5-a034-40f2e96c8ad8.jpg,chaos+cable
acc24ecc-9445-11e5-a034-40f2e96c8ad8.jpg,chaos+cable
e9fd0070-9445-11e5-a034-40f2e96c8ad8.jpg,chaos+cable
b53f13dc-9445-11e5-a034-40f2e96c8ad8.jpg,chaos+cable
e414c7d8-9445-11e5-a034-40f2e96c8ad8.png,chaos+cable
da24810a-9445-11e5-a034-40f2e96c8ad8.jpg,chaos+cable
bd224ed4-9445-11e5-a034-40f2e96c8ad8.jpg,chaos+cable
d28732bc-9445-11e5-a034-40f2e96c8ad8.jpg,chaos+cable
e1b7cf12-9445-11e5-a034-40f2e96c8ad8.jpeg,chaos+cable
dce8da8a-9445-11e5-a034-40f2e96c8ad8.JPG,chaos+cable
de8a029c-9445-11e5-a034-40f2e96c8ad8.png,chaos+cable
b0afa886-9445-11e5-a034-40f2e96c8ad8.jpg,chaos+cable
cb55c350-9445-11e5-a034-40f2e96c8ad8.jpg,chaos+cable
01dd5014-9446-11e5-a034-40f2e96c8ad8.jpg,chaos+cable
ddf7c29c-9445-11e5-a034-40f2e96c8ad8.jpg,chaos+cable
f6cdd0f4-9445-11e5-a034-40f2e96c8ad8.png,chaos+cable
e683e580-9445-11e5-a034-40f2e96c8ad8.jpg,chaos+cable
e8218ac8-9445-11e5-a034-40f2e96c8ad8.jpg,chaos+cable
cfedebc2-9445-11e5-a034-40f2e96c8ad8.jpg,chaos+cable
da9c12b0-9445-11e5-a034-40f2e96c8ad8.jpg,chaos+cable
b21b5d8c-9445-11e5-a034-40f2e96c8ad8.jpg,chaos+cable
b89802a0-9445-11e5-a034-40f2e96c8ad8.png,chaos+cable
aebb1b78-9445-11e5-a034-40f2e96c8ad8.jpg,chaos+cable
db1c876a-9445-11e5-a034-40f2e96c8ad8.JPG,chaos+cable
c9e2590c-9445-11e5-a034-40f2e96c8ad8.jpg,chaos+cable
c6922480-9445-11e5-a034-40f2e96c8ad8.jpg,chaos+cable
ac868afe-9445-11e5-a034-40f2e96c8ad8.jpg,chaos+cable
e5ed0d40-9445-11e5-a034-40f2e96c8ad8.jpeg,chaos+cable
f01e4f36-9445-11e5-a034-40f2e96c8ad8.jpg,chaos+cable
d38d3d0a-9445-11e5-a034-40f2e96c8ad8.jpg,chaos+cable
d2ef8696-9445-11e5-a034-40f2e96c8ad8.jpg,chaos+cable
bb2fd25e-9445-11e5-a034-40f2e96c8ad8.jpg,chaos+cable
bdd315ac-9445-11e5-a034-40f2e96c8ad8.jpg,chaos+cable
ece4ed52-9445-11e5-a034-40f2e96c8ad8.jpg,chaos+cable
d0df8c0c-9445-11e5-a034-40f2e96c8ad8.jpg,chaos+cable
e72fe132-9445-11e5-a034-40f2e96c8ad8.jpg,chaos+cable
e381bccc-9445-11e5-a034-40f2e96c8ad8.jpg,chaos+cable
cac37040-9445-11e5-a034-40f2e96c8ad8.jpg,chaos+cable
c8d0eeb6-9445-11e5-a034-40f2e96c8ad8.jpeg,chaos+cable
ef7a4058-9445-11e5-a034-40f2e96c8ad8.jpg,chaos+cable
f4be1666-9445-11e5-a034-40f2e96c8ad8.jpg,chaos+cable
fac4efcc-9435-11e5-917c-40f2e96c8ad8.jpg,pattern
e6ee0fec-9435-11e5-917c-40f2e96c8ad8.jpg,pattern
14c0b08c-9436-11e5-917c-40f2e96c8ad8.jpg,pattern
beac0188-9435-11e5-917c-40f2e96c8ad8.png,pattern
500cb262-9436-11e5-917c-40f2e96c8ad8.jpg,pattern
48167cdc-9436-11e5-917c-40f2e96c8ad8.jpg,pattern
aaff5ebe-9435-11e5-917c-40f2e96c8ad8.jpg,pattern
8df26d34-9435-11e5-917c-40f2e96c8ad8.jpg,pattern
3022e868-9436-11e5-917c-40f2e96c8ad8.gif,pattern
92a1a908-9435-11e5-917c-40f2e96c8ad8.jpg,pattern
c5dd501a-9435-11e5-917c-40f2e96c8ad8.jpg,pattern
e8060f9c-9435-11e5-917c-40f2e96c8ad8.jpg,pattern
b7eaf232-9435-11e5-917c-40f2e96c8ad8.jpg,pattern
00be9950-9436-11e5-917c-40f2e96c8ad8.jpg,pattern
d197a6e4-9435-11e5-917c-40f2e96c8ad8.jpg,pattern
127d0f96-9436-11e5-917c-40f2e96c8ad8.jpg,pattern
8b05df20-9435-11e5-917c-40f2e96c8ad8.jpg,pattern
335e5e68-9436-11e5-917c-40f2e96c8ad8.gif,pattern
4ec10818-9436-11e5-917c-40f2e96c8ad8.jpg,pattern
cf74e26e-9435-11e5-917c-40f2e96c8ad8.jpg,pattern
1aaefdbe-9436-11e5-917c-40f2e96c8ad8.jpg,pattern
92faa490-9435-11e5-917c-40f2e96c8ad8.jpg,pattern
b11e16e6-9435-11e5-917c-40f2e96c8ad8.jpg,pattern
486e43c2-9436-11e5-917c-40f2e96c8ad8.jpg,pattern
0acaf628-9436-11e5-917c-40f2e96c8ad8.jpg,pattern
3de3a50a-9436-11e5-917c-40f2e96c8ad8.jpg,pattern
9e076422-9435-11e5-917c-40f2e96c8ad8.png,pattern
3e38dd54-9436-11e5-917c-40f2e96c8ad8.jpg,pattern
fc2a4466-9435-11e5-917c-40f2e96c8ad8.png,pattern
bac4a21e-9435-11e5-917c-40f2e96c8ad8.png,pattern
f21f1c9e-9435-11e5-917c-40f2e96c8ad8.jpg,pattern
97eb4b6c-9435-11e5-917c-40f2e96c8ad8.jpg,pattern
dc2b048e-9435-11e5-917c-40f2e96c8ad8.jpg,pattern
2e90fa6c-9436-11e5-917c-40f2e96c8ad8.jpg,pattern
bd09ec82-9435-11e5-917c-40f2e96c8ad8.png,pattern
385516b4-9436-11e5-917c-40f2e96c8ad8.jpg,pattern
0cc68e56-9436-11e5-917c-40f2e96c8ad8.gif,pattern
d3f63e96-9435-11e5-917c-40f2e96c8ad8.jpg,pattern
e75d08ca-9435-11e5-917c-40f2e96c8ad8.jpg,pattern
ee487660-9435-11e5-917c-40f2e96c8ad8.jpg,pattern
3aa094ca-9436-11e5-917c-40f2e96c8ad8.jpg,pattern
12d86594-9436-11e5-917c-40f2e96c8ad8.jpg,pattern
8fec8a0c-9435-11e5-917c-40f2e96c8ad8.jpg,pattern
0405fdb0-9436-11e5-917c-40f2e96c8ad8.jpg,pattern
abd794d2-9435-11e5-917c-40f2e96c8ad8.jpg,pattern
c836d516-9435-11e5-917c-40f2e96c8ad8.jpg,pattern
9465aeba-9435-11e5-917c-40f2e96c8ad8.jpg,pattern
107f2076-9436-11e5-917c-40f2e96c8ad8.png,pattern
ff399b20-9435-11e5-917c-40f2e96c8ad8.gif,pattern
c2c2f010-9435-11e5-917c-40f2e96c8ad8.gif,pattern
a08c6268-9446-11e5-b59a-40f2e96c8ad8.jpg,people
776d58ce-9446-11e5-b59a-40f2e96c8ad8.jpg,people
a769d4b2-9446-11e5-b59a-40f2e96c8ad8.jpg,people
84e3ce66-9446-11e5-b59a-40f2e96c8ad8.jpg,people
86ed2edc-9446-11e5-b59a-40f2e96c8ad8.gif,people
d1ba6146-9446-11e5-b59a-40f2e96c8ad8.jpg,people
c64e58b2-9446-11e5-b59a-40f2e96c8ad8.jpg,people
cac81ce8-9446-11e5-b59a-40f2e96c8ad8.jpg,people
dac7f17c-9446-11e5-b59a-40f2e96c8ad8.jpg,people
ecd15bec-9446-11e5-b59a-40f2e96c8ad8.jpg,people
be990b30-9446-11e5-b59a-40f2e96c8ad8.jpg,people
fa6b3976-9446-11e5-b59a-40f2e96c8ad8.jpg,people
09eead1a-9447-11e5-b59a-40f2e96c8ad8.jpg,people
a8cab6fa-9446-11e5-b59a-40f2e96c8ad8.jpg,people
9408243c-9446-11e5-b59a-40f2e96c8ad8.gif,people
a593f9ec-9446-11e5-b59a-40f2e96c8ad8.jpg,people
977db71c-9446-11e5-b59a-40f2e96c8ad8.jpg,people
832bb11a-9446-11e5-b59a-40f2e96c8ad8.jpg,people
ee734b04-9446-11e5-b59a-40f2e96c8ad8.jpg,people
a274bdfa-9446-11e5-b59a-40f2e96c8ad8.jpg,people
dcaefca6-9446-11e5-b59a-40f2e96c8ad8.jpg,people
76264804-9446-11e5-b59a-40f2e96c8ad8.jpg,people
0600e330-9447-11e5-b59a-40f2e96c8ad8.png,people
c7c1aaaa-9446-11e5-b59a-40f2e96c8ad8.jpg,people
b85646de-9446-11e5-b59a-40f2e96c8ad8.jpg,people
e5fdf834-9446-11e5-b59a-40f2e96c8ad8.jpg,people
808f5844-9446-11e5-b59a-40f2e96c8ad8.jpg,people
bc7b51a0-9446-11e5-b59a-40f2e96c8ad8.jpg,people
d3f61f9a-9446-11e5-b59a-40f2e96c8ad8.jpg,people
66a6f9fa-9446-11e5-b59a-40f2e96c8ad8.jpg,people
cc3a2710-9446-11e5-b59a-40f2e96c8ad8.jpg,people
f1949fea-9446-11e5-b59a-40f2e96c8ad8.jpg,people
01911b30-9447-11e5-b59a-40f2e96c8ad8.jpg,people
00255f22-9447-11e5-b59a-40f2e96c8ad8.jpg,people
e81f7688-9446-11e5-b59a-40f2e96c8ad8.jpg,people
c882f78c-9446-11e5-b59a-40f2e96c8ad8.jpg,people
cd8f810a-9446-11e5-b59a-40f2e96c8ad8.png,people
0fea0ee4-9447-11e5-b59a-40f2e96c8ad8.jpg,people
7d7c670a-9446-11e5-b59a-40f2e96c8ad8.jpg,people
9c138d56-9446-11e5-b59a-40f2e96c8ad8.jpg,people
f33a0e3e-9446-11e5-b59a-40f2e96c8ad8.jpg,people
ef006cf0-9446-11e5-b59a-40f2e96c8ad8.jpg,people
98bae334-9446-11e5-b59a-40f2e96c8ad8.jpg,people
9a2e3806-9446-11e5-b59a-40f2e96c8ad8.jpeg,people
d6ee1f40-9446-11e5-b59a-40f2e96c8ad8.jpg,people
c1ea343a-9446-11e5-b59a-40f2e96c8ad8.jpg,people
d7202a80-9446-11e5-b59a-40f2e96c8ad8.JPG,people
95c4ca14-9446-11e5-b59a-40f2e96c8ad8.jpg,people
9f3e987c-9446-11e5-b59a-40f2e96c8ad8.jpg,people
0dbd00ae-9447-11e5-b59a-40f2e96c8ad8.jpg,people
fafc18da-943f-11e5-93c1-40f2e96c8ad8.JPG,lights+backdrop
ed972e78-943f-11e5-93c1-40f2e96c8ad8.jpg,lights+backdrop
65d1a080-9440-11e5-93c1-40f2e96c8ad8.jpg,lights+backdrop
377c23a4-9440-11e5-93c1-40f2e96c8ad8.jpg,lights+backdrop
f25f92a6-943f-11e5-93c1-40f2e96c8ad8.jpg,lights+backdrop
f7228ba4-943f-11e5-93c1-40f2e96c8ad8.jpg,lights+backdrop
75613fb0-9440-11e5-93c1-40f2e96c8ad8.jpg,lights+backdrop
56d993ee-9440-11e5-93c1-40f2e96c8ad8.gif,lights+backdrop
3bcdd948-9440-11e5-93c1-40f2e96c8ad8.jpg,lights+backdrop
6fe9590a-9440-11e5-93c1-40f2e96c8ad8.jpg,lights+backdrop
1fed915a-9440-11e5-93c1-40f2e96c8ad8.jpg,lights+backdrop
e9bb307e-943f-11e5-93c1-40f2e96c8ad8.jpg,lights+backdrop
6d9b4168-9440-11e5-93c1-40f2e96c8ad8.jpg,lights+backdrop
7d9f6a58-9440-11e5-93c1-40f2e96c8ad8.jpg,lights+backdrop
1ccc5826-9440-11e5-93c1-40f2e96c8ad8.jpg,lights+backdrop
7a682bc2-9440-11e5-93c1-40f2e96c8ad8.jpg,lights+backdrop
fef411fe-943f-11e5-93c1-40f2e96c8ad8.jpg,lights+backdrop
f3c32040-943f-11e5-93c1-40f2e96c8ad8.jpg,lights+backdrop
74a0145c-9440-11e5-93c1-40f2e96c8ad8.jpg,lights+backdrop
3c69a1c0-9440-11e5-93c1-40f2e96c8ad8.jpg,lights+backdrop
f9863b52-943f-11e5-93c1-40f2e96c8ad8.jpg,lights+backdrop
19f0ab02-9440-11e5-93c1-40f2e96c8ad8.jpg,lights+backdrop
fcdb8596-943f-11e5-93c1-40f2e96c8ad8.jpg,lights+backdrop
4b5db478-9440-11e5-93c1-40f2e96c8ad8.jpg,lights+backdrop
60fba5ba-9440-11e5-93c1-40f2e96c8ad8.jpg,lights+backdrop
1dbba548-9440-11e5-93c1-40f2e96c8ad8.jpg,lights+backdrop
7e540fbc-9440-11e5-93c1-40f2e96c8ad8.jpg,lights+backdrop
4ff8f358-9440-11e5-93c1-40f2e96c8ad8.jpg,lights+backdrop
542e1e80-9440-11e5-93c1-40f2e96c8ad8.jpg,lights+backdrop
688a380a-9440-11e5-93c1-40f2e96c8ad8.jpg,lights+backdrop
77c57866-9440-11e5-93c1-40f2e96c8ad8.jpg,lights+backdrop
eefc83b2-943f-11e5-93c1-40f2e96c8ad8.jpg,lights+backdrop
1563d924-9440-11e5-93c1-40f2e96c8ad8.jpg,lights+backdrop
0bfcf9d8-9440-11e5-93c1-40f2e96c8ad8.jpg,lights+backdrop
23de03bc-9440-11e5-93c1-40f2e96c8ad8.jpg,lights+backdrop
31ad531c-9440-11e5-93c1-40f2e96c8ad8.jpg,lights+backdrop
6ae3b2ca-9440-11e5-93c1-40f2e96c8ad8.jpg,lights+backdrop
4ec4bb8e-9440-11e5-93c1-40f2e96c8ad8.jpg,lights+backdrop
364e90ca-9440-11e5-93c1-40f2e96c8ad8.jpg,lights+backdrop
fbf042de-943f-11e5-93c1-40f2e96c8ad8.jpg,lights+backdrop
e77c66b6-943f-11e5-93c1-40f2e96c8ad8.jpg,lights+backdrop
3d79c4f0-9440-11e5-93c1-40f2e96c8ad8.jpg,lights+backdrop
83a999aa-9440-11e5-93c1-40f2e96c8ad8.jpg,lights+backdrop
32641746-9440-11e5-93c1-40f2e96c8ad8.jpg,lights+backdrop
80aad502-9440-11e5-93c1-40f2e96c8ad8.jpg,lights+backdrop
22dbdae8-9440-11e5-93c1-40f2e96c8ad8.jpg,lights+backdrop
8722c6ba-9440-11e5-93c1-40f2e96c8ad8.13667248,lights+backdrop
5d869dae-9440-11e5-93c1-40f2e96c8ad8.jpg,lights+backdrop
00189f46-9440-11e5-93c1-40f2e96c8ad8.jpg,lights+backdrop
101493d2-9440-11e5-93c1-40f2e96c8ad8.png,lights+backdrop
1197ccd8-9440-11e5-93c1-40f2e96c8ad8.jpg,lights+backdrop
2dab9498-9438-11e5-aef0-40f2e96c8ad8.jpg,landscape+texture
27e1fc1e-9438-11e5-aef0-40f2e96c8ad8.jpg,landscape+texture
22905148-9438-11e5-aef0-40f2e96c8ad8.jpg,landscape+texture
98c013c6-9438-11e5-aef0-40f2e96c8ad8.jpg,landscape+texture
f69d8114-9437-11e5-aef0-40f2e96c8ad8.jpg,landscape+texture
53507128-9438-11e5-aef0-40f2e96c8ad8.jpg,landscape+texture
fdf4ad98-9437-11e5-aef0-40f2e96c8ad8.jpg,landscape+texture
293be52a-9438-11e5-aef0-40f2e96c8ad8.jpg,landscape+texture
68eaff3a-9438-11e5-aef0-40f2e96c8ad8.jpg,landscape+texture
100ce270-9438-11e5-aef0-40f2e96c8ad8.jpg,landscape+texture
215a06a2-9438-11e5-aef0-40f2e96c8ad8.jpg,landscape+texture
f55e7eac-9437-11e5-aef0-40f2e96c8ad8.jpg,landscape+texture
fa385b8c-9437-11e5-aef0-40f2e96c8ad8.gif,landscape+texture
12e6e2a2-9438-11e5-aef0-40f2e96c8ad8.jpg,landscape+texture
0c269f2a-9438-11e5-aef0-40f2e96c8ad8.jpg,landscape+texture
4e81e500-9438-11e5-aef0-40f2e96c8ad8.jpg,landscape+texture
35a095cc-9438-11e5-aef0-40f2e96c8ad8.jpg,landscape+texture
3f59b7f6-9438-11e5-aef0-40f2e96c8ad8.jpg,landscape+texture
62ce9f80-9438-11e5-aef0-40f2e96c8ad8.jpg,landscape+texture
30a52b96-9438-11e5-aef0-40f2e96c8ad8.jpg,landscape+texture
267debee-9438-11e5-aef0-40f2e96c8ad8.jpg,landscape+texture
1635dbc0-9438-11e5-aef0-40f2e96c8ad8.jpg,landscape+texture
39f56a3a-9438-11e5-aef0-40f2e96c8ad8.jpg,landscape+texture
098d4804-9438-11e5-aef0-40f2e96c8ad8.jpg,landscape+texture
14ff7e8c-9438-11e5-aef0-40f2e96c8ad8.jpg,landscape+texture
1a435fc6-9438-11e5-aef0-40f2e96c8ad8.jpg,landscape+texture
11433ee6-9438-11e5-aef0-40f2e96c8ad8.jpg,landscape+texture
70c1930e-9438-11e5-aef0-40f2e96c8ad8.jpg,landscape+texture
6744c7ec-9438-11e5-aef0-40f2e96c8ad8.jpg,landscape+texture
437d7962-9438-11e5-aef0-40f2e96c8ad8.jpg,landscape+texture
4d069bc6-9438-11e5-aef0-40f2e96c8ad8.jpg,landscape+texture
1672eb3c-9438-11e5-aef0-40f2e96c8ad8.jpg,landscape+texture
10b4cbfc-9438-11e5-aef0-40f2e96c8ad8.jpg,landscape+texture
7b0897e0-9438-11e5-aef0-40f2e96c8ad8.jpg,landscape+texture
56e7d718-9438-11e5-aef0-40f2e96c8ad8.jpg,landscape+texture
01e13ba6-9438-11e5-aef0-40f2e96c8ad8.jpg,landscape+texture
1d7dfaca-9438-11e5-aef0-40f2e96c8ad8.jpg,landscape+texture
fd0b301e-9437-11e5-aef0-40f2e96c8ad8.jpg,landscape+texture
48163c2a-9438-11e5-aef0-40f2e96c8ad8.jpg,landscape+texture
f96e2c40-9437-11e5-aef0-40f2e96c8ad8.jpg,landscape+texture
45fc74a4-9438-11e5-aef0-40f2e96c8ad8.jpg,landscape+texture
24a62232-9438-11e5-aef0-40f2e96c8ad8.jpg,landscape+texture
47363f1c-9438-11e5-aef0-40f2e96c8ad8.jpg,landscape+texture
0711701e-9438-11e5-aef0-40f2e96c8ad8.jpg,landscape+texture
51b1d9e2-9438-11e5-aef0-40f2e96c8ad8.jpg,landscape+texture
18f6595c-9438-11e5-aef0-40f2e96c8ad8.jpg,landscape+texture
8b79e890-9438-11e5-aef0-40f2e96c8ad8.JPG,landscape+texture
982a00b6-9438-11e5-aef0-40f2e96c8ad8.jpg,landscape+texture
1f824114-9438-11e5-aef0-40f2e96c8ad8.jpg,landscape+texture
512cc70c-9438-11e5-aef0-40f2e96c8ad8.jpg,landscape+texture
0d1195fc-9438-11e5-aef0-40f2e96c8ad8.jpg,landscape+texture
86d584a2-9438-11e5-aef0-40f2e96c8ad8.jpg,landscape+texture
50ad4400-9438-11e5-aef0-40f2e96c8ad8.jpg,landscape+texture
2af534de-9438-11e5-aef0-40f2e96c8ad8.jpg,landscape+texture
030e0d56-9438-11e5-aef0-40f2e96c8ad8.jpg,landscape+texture
3c5e465c-9438-11e5-aef0-40f2e96c8ad8.jpg,landscape+texture
